Timestamp,1. What is your year of study?,2. What is your gender?,3. How often do you have difficulty falling asleep at night?,"4. On average, how many hours of sleep do you get on a typical day?",5. How often do you wake up during the night and have trouble falling back asleep?,6. How would you rate the overall quality of your sleep?,7. How often do you experience difficulty concentrating during lectures or studying due to lack of sleep?,"8. How often do you feel fatigued during the day, affecting your ability to study or attend classes?","9. How often do you miss or skip classes due to sleep-related issues (e.g., insomnia, feeling tired)?",10. How would you describe the impact of insufficient sleep on your ability to complete assignments and meet deadlines?,Phone_Use,Caffeine,Exercise,Stress,GPA,Sleep_Index
10/24/2024 16:51:15,Graduate student,Male,4,4,4,4,3,4,4,3,4,2,3,4,3,3.75
10/24/2024 16:51:51,Third year,Male,4,4,4,4,4,3,3,4,3,3,3,2,4,3.75
10/24/2024 16:52:21,First year,Female,3,4,3,4,4,4,3,4,4,4,4,4,1,3.625
10/24/2024 16:53:00,Third year,Male,4,5,3,2,4,4,2,2,3,3,5,5,5,3.25
10/24/2024 16:53:25,Graduate student,Male,4,4,4,5,5,3,3,3,3,3,4,2,3,3.875
10/24/2024 16:53:53,Second year,Male,4,4,4,5,3,2,3,2,3,4,2,4,1,3.375
10/24/2024 16:54:24,Third year,Male,3,4,4,4,3,4,3,2,2,2,1,1,4,3.375
10/24/2024 16:54:50,Third year,Male,4,5,5,4,5,3,4,3,4,2,2,2,4,4.125
10/24/2024 16:55:18,Third year,Male,4,5,4,3,3,2,2,3,2,2,3,5,3,3.25
10/24/2024 16:56:33,Third year,Male,5,5,5,5,5,5,5,3,4,3,4,4,2,4.75
10/24/2024 16:57:04,Second year,Female,4,4,5,2,4,3,5,4,3,4,3,4,3,3.875
10/24/2024 16:58:21,Third year,Male,4,5,4,4,4,3,5,4,3,5,3,4,3,4.125
10/24/2024 16:58:40,Second year,Male,4,4,4,2,2,3,3,2,1,2,3,2,3,3
10/24/2024 16:59:52,Second year,Female,4,3,3,4,4,3,3,4,3,4,3,4,1,3.5
10/24/2024 17:00:21,Second year,Male,3,5,4,3,5,3,4,3,4,2,2,4,4,3.75
10/24/2024 17:00:26,Graduate student,Male,3,2,3,4,4,4,4,4,4,4,4,4,2,3.5
10/24/2024 17:00:50,First year,Male,4,5,3,3,2,1,3,3,3,2,4,2,4,3
10/24/2024 17:01:57,Third year,Male,4,4,5,3,4,3,4,4,4,4,4,4,1,3.875
10/24/2024 17:02:23,Second year,Male,3,3,4,4,2,3,3,3,3,3,3,4,3,3.125
10/24/2024 17:03:24,Third year,Male,5,5,5,4,2,3,2,3,3,3,3,2,3,3.625
10/24/2024 17:03:46,First year,Male,5,4,2,3,3,2,3,3,2,3,3,4,5,3.125
10/24/2024 17:04:15,Third year,Male,4,4,4,4,4,4,2,3,4,2,3,4,1,3.625
10/24/2024 17:04:15,Graduate student,Male,2,2,2,3,3,3,2,2,2,2,2,2,3,2.375
10/24/2024 17:06:35,Second year,Male,4,4,5,4,4,3,4,3,4,4,3,5,4,3.875
10/24/2024 17:07:01,First year,Male,4,4,3,4,1,3,2,3,2,4,4,4,4,3
10/24/2024 17:07:29,Second year,Male,2,3,2,2,4,4,3,1,2,2,2,2,5,2.625
10/24/2024 17:08:29,Graduate student,Male,5,5,4,5,4,3,3,4,3,5,4,4,3,4.125
10/24/2024 17:08:59,Second year,Female,4,5,4,4,3,4,4,2,4,2,4,4,1,3.75
10/24/2024 17:10:05,Third year,Male,3,4,3,4,3,4,4,3,4,3,3,4,3,3.5
10/24/2024 17:12:15,Second year,Female,4,4,5,3,4,2,4,3,3,4,3,4,4,3.625
10/24/2024 17:12:40,Second year,Female,3,4,4,4,4,3,4,4,2,4,4,2,3,3.75
10/24/2024 17:14:18,Third year,Male,4,4,4,4,3,2,3,3,3,4,3,4,1,3.375
10/24/2024 17:15:03,Third year,Male,4,4,3,3,4,3,3,2,4,3,4,2,3,3.25
10/24/2024 17:15:43,Third year,Female,4,4,3,3,3,5,4,3,4,2,4,2,4,3.625
10/24/2024 17:16:11,Second year,Male,4,3,4,2,4,3,4,3,4,4,3,4,3,3.375
10/24/2024 17:16:38,Third year,Male,3,4,3,3,3,4,4,3,4,4,4,2,4,3.375
10/24/2024 17:17:19,Third year,Male,5,5,4,4,4,2,3,3,5,3,4,4,2,3.75
10/24/2024 17:17:51,Graduate student,Female,5,4,4,4,4,5,4,4,4,4,4,4,1,4.25
10/24/2024 17:18:37,Second year,Female,4,4,4,4,3,4,3,3,4,3,4,4,3,3.625
10/24/2024 17:20:16,Third year,Male,4,3,3,3,4,4,4,4,4,4,3,5,3,3.625
10/24/2024 17:20:38,Third year,Female,4,4,3,3,3,4,2,4,3,3,3,2,3,3.375
10/24/2024 17:21:01,Third year,Male,5,5,5,3,4,3,4,2,4,2,4,4,3,3.875
10/24/2024 17:21:24,Third year,Female,4,2,4,3,3,3,4,3,4,4,5,2,3,3.25
10/24/2024 17:27:58,Third year,Male,4,5,4,5,4,4,3,4,4,3,3,5,1,4.125
10/24/2024 17:29:00,Third year,Male,4,4,4,4,4,3,4,4,4,3,3,5,2,3.875
10/24/2024 17:30:27,Third year,Female,4,4,5,4,4,2,5,3,4,3,4,4,1,3.875
10/24/2024 17:31:18,Third year,Female,5,5,4,4,3,4,3,4,4,4,3,4,3,4
10/24/2024 17:31:43,Third year,Male,5,5,5,2,3,3,5,4,3,4,3,4,3,4
10/24/2024 17:32:11,Second year,Male,4,5,4,4,3,3,4,4,4,4,4,2,1,3.875
10/24/2024 17:32:36,Third year,Female,4,4,3,4,4,2,4,4,4,3,4,4,3,3.625
10/24/2024 17:36:59,Third year,Female,4,4,5,5,4,5,3,3,2,2,4,2,3,4.125
10/24/2024 17:37:27,Third year,Female,4,4,4,1,3,4,4,3,4,4,4,5,1,3.375
10/24/2024 17:38:22,Third year,Female,3,4,4,4,4,3,3,3,4,4,5,5,1,3.5
10/24/2024 17:42:05,Third year,Female,3,1,5,5,5,4,4,4,4,5,5,5,2,3.875
10/24/2024 17:44:40,Second year,Female,5,5,4,3,4,4,3,3,4,3,4,2,2,3.875
10/24/2024 17:45:17,Third year,Male,4,4,3,4,4,4,4,3,4,4,3,5,2,3.75
10/24/2024 17:45:42,Third year,Male,3,4,4,3,4,4,3,5,3,4,4,5,2,3.75
10/24/2024 17:50:09,Third year,Male,4,4,4,3,4,4,4,3,3,3,3,2,2,3.75
10/24/2024 17:50:35,Third year,Female,5,5,5,3,4,4,5,4,5,3,4,2,2,4.375
10/24/2024 17:50:59,Second year,Male,4,4,3,3,4,3,4,4,3,4,3,4,2,3.625
10/24/2024 17:53:05,Third year,Male,4,5,4,4,3,3,4,4,4,4,4,4,2,3.875
10/24/2024 17:53:28,Third year,Female,4,4,4,3,4,4,3,4,3,4,4,4,2,3.75
10/24/2024 17:53:55,Graduate student,Female,5,4,4,4,4,5,4,3,5,5,5,4,2,4.125
10/24/2024 17:57:22,Third year,Female,4,5,5,5,5,4,4,3,3,4,4,4,2,4.375
10/24/2024 17:57:48,Second year,Female,4,4,5,2,2,3,2,3,3,3,3,4,2,3.125
10/24/2024 18:02:23,Third year,Male,3,4,2,2,2,2,2,2,2,2,2,2,2,2.375
10/24/2024 18:02:48,Second year,Male,5,4,4,4,2,2,2,3,3,2,2,4,2,3.25
10/24/2024 18:03:13,Graduate student,Male,4,4,4,2,3,3,2,3,3,3,3,4,2,3.125
10/24/2024 18:03:45,Second year,Male,4,4,5,5,3,4,3,4,3,3,4,4,2,4
10/24/2024 18:04:13,Third year,Male,4,4,4,4,3,3,4,4,4,4,4,4,2,3.75
10/24/2024 18:05:24,Graduate student,Male,5,5,5,5,3,5,3,4,3,4,3,4,2,4.375
10/24/2024 18:06:00,Graduate student,Male,3,4,4,3,3,4,4,4,4,4,4,4,2,3.625
10/24/2024 18:11:45,Graduate student,Male,5,4,5,4,5,4,4,3,4,4,4,2,2,4.25
10/24/2024 18:12:27,Third year,Male,4,4,5,5,2,3,4,3,4,4,4,4,2,3.75
10/24/2024 18:12:45,Third year,Male,1,2,3,4,4,3,2,4,2,3,4,4,2,2.875
10/24/2024 18:13:32,Third year,Female,3,3,4,4,2,3,3,2,3,3,4,4,1,3
10/24/2024 18:17:08,Graduate student,Male,5,4,2,5,3,4,4,2,2,3,4,4,2,3.625
10/24/2024 18:17:57,Second year,Male,4,5,5,3,2,3,2,2,4,3,3,2,2,3.25
10/24/2024 18:18:17,Graduate student,Female,5,4,5,5,4,4,4,5,4,4,4,4,1,4.5
10/24/2024 18:18:41,Third year,Female,5,4,4,4,4,4,4,4,4,4,4,2,1,4.125
10/24/2024 18:19:06,Graduate student,Male,3,4,5,5,5,4,3,4,3,3,3,2,1,4.125
10/24/2024 18:19:23,Graduate student,Male,4,4,4,3,3,4,4,4,2,4,3,4,1,3.75
10/24/2024 18:19:58,First year,Male,4,4,4,4,2,2,1,5,4,3,5,4,1,3.25
10/24/2024 18:20:21,Graduate student,Female,4,4,5,4,4,5,4,2,2,3,3,2,1,4
10/24/2024 18:20:41,Graduate student,Male,5,3,4,4,4,4,5,4,3,4,3,1,2,4.125
10/24/2024 18:21:05,Graduate student,Male,5,3,4,5,4,5,4,4,5,4,3,4,1,4.25
10/24/2024 18:21:30,First year,Male,4,4,4,4,5,3,4,2,4,2,4,4,2,3.75
10/24/2024 18:22:03,Third year,Female,4,4,5,2,3,5,4,2,3,4,1,4,1,3.625
10/24/2024 18:22:22,First year,Female,5,5,5,2,3,3,2,2,2,2,2,1,2,3.375
10/24/2024 18:22:26,Third year,Female,5,4,4,3,3,4,4,5,4,4,2,4,2,4
10/24/2024 18:22:51,Third year,Female,5,4,4,4,3,5,4,3,4,3,4,4,1,4
10/24/2024 18:23:09,Third year,Male,5,4,4,3,4,4,3,4,4,3,5,4,1,3.875
10/24/2024 18:23:51,Third year,Female,4,3,3,4,3,4,5,3,4,4,4,2,3,3.625
10/24/2024 18:24:47,Graduate student,Female,4,3,4,4,3,4,2,4,4,4,5,4,2,3.5
10/24/2024 18:25:43,Graduate student,Female,5,5,4,4,4,3,5,3,4,4,4,4,1,4.125
10/24/2024 18:26:17,Third year,Male,4,5,5,5,4,5,4,3,3,4,4,5,1,4.375
10/24/2024 18:26:44,Graduate student,Male,4,4,5,5,4,4,5,2,2,2,3,1,2,4.125
10/24/2024 18:27:03,Third year,Male,3,4,5,3,1,2,3,2,3,2,2,4,3,2.875
10/24/2024 18:27:21,Graduate student,Male,2,5,4,5,2,2,2,3,3,3,4,4,2,3.125
10/24/2024 18:27:39,First year,Male,4,4,5,5,2,1,3,2,4,3,4,5,1,3.25
10/24/2024 18:27:57,Third year,Female,4,4,3,5,5,3,3,3,4,4,3,4,1,3.75
10/24/2024 18:28:30,Third year,Female,3,4,4,5,5,3,3,3,4,4,3,2,1,3.75
10/24/2024 18:28:49,Graduate student,Male,2,4,5,5,3,4,5,4,4,4,5,2,2,4
10/24/2024 18:29:15,Graduate student,Female,2,4,3,4,4,4,2,4,4,2,4,4,1,3.375
10/24/2024 18:29:45,Third year,Male,4,5,4,3,4,3,5,4,3,5,3,4,2,4
10/24/2024 18:30:09,Graduate student,Male,4,4,4,3,4,4,2,2,2,3,3,4,2,3.375
10/24/2024 18:30:32,Third year,Male,3,3,4,5,2,3,3,2,3,3,3,2,1,3.125
10/24/2024 18:30:53,Third year,Male,3,4,4,5,3,4,2,4,4,3,4,4,1,3.625
10/24/2024 18:31:12,Graduate student,Female,3,5,5,2,2,3,4,3,5,2,2,5,2,3.375
10/24/2024 18:31:34,Third year,Female,3,4,5,5,4,3,3,5,4,4,4,4,1,4
10/24/2024 18:31:52,Graduate student,Female,4,4,3,4,5,2,2,5,3,3,4,4,2,3.625
10/24/2024 18:32:46,Third year,Female,2,5,4,5,4,3,4,5,4,4,4,1,1,4
10/24/2024 18:34:23,Graduate student,Female,3,5,4,3,2,2,4,3,3,3,3,4,4,3.25
10/24/2024 18:34:47,Third year,Female,4,5,4,3,4,4,4,2,3,5,3,4,2,3.75
10/24/2024 19:29:15,Third year,Male,5,5,5,5,3,4,5,3,5,4,4,4,2,4.375
10/24/2024 19:29:34,Third year,Female,4,4,4,5,5,5,5,4,4,4,4,5,2,4.5
10/24/2024 19:29:53,Graduate student,Male,5,4,5,5,4,5,5,5,5,5,4,5,2,4.75
10/24/2024 19:30:35,Graduate student,Female,5,4,5,3,5,3,5,4,4,5,4,2,2,4.25
10/24/2024 19:30:52,Third year,Male,4,4,5,3,3,3,4,4,4,4,5,5,1,3.75
10/24/2024 19:31:12,Graduate student,Female,5,5,4,5,4,5,4,4,4,5,4,5,2,4.5
10/24/2024 19:32:25,Third year,Female,5,5,5,4,5,4,3,4,5,4,4,4,1,4.375
10/24/2024 19:33:02,Graduate student,Male,5,5,5,4,4,3,5,3,4,5,4,4,1,4.25
10/24/2024 19:33:38,Graduate student,Male,4,4,4,4,5,4,4,3,3,4,4,4,2,4
10/24/2024 19:34:01,Third year,Male,5,4,4,5,4,4,5,4,4,4,5,2,2,4.375
10/24/2024 19:34:44,Graduate student,Male,4,5,5,5,4,4,5,5,3,3,4,1,2,4.625
10/24/2024 19:35:16,Third year,Female,5,4,5,5,3,3,4,5,3,5,3,4,2,4.25
10/24/2024 19:36:18,Graduate student,Female,4,5,5,4,5,5,3,4,3,4,5,4,1,4.375
10/24/2024 19:36:37,Second year,Female,5,5,5,4,4,5,5,2,4,5,3,4,2,4.375
10/24/2024 19:36:55,Second year,Female,1,4,4,4,4,4,3,2,5,4,3,4,2,3.25
10/24/2024 19:37:16,Graduate student,Female,4,5,5,4,5,5,5,4,4,5,4,5,2,4.625
10/24/2024 19:38:52,Third year,Male,5,4,3,5,4,5,4,3,4,4,5,4,2,4.125
10/24/2024 19:39:15,Third year,Male,4,4,5,4,4,4,5,5,3,5,3,5,1,4.375
10/24/2024 19:39:38,Graduate student,Female,4,5,4,4,4,5,3,2,3,3,5,5,2,3.875
10/24/2024 19:40:05,Graduate student,Male,4,4,5,4,3,3,4,4,5,4,5,2,1,3.875
10/24/2024 19:40:29,Third year,Female,4,5,4,5,4,5,5,4,4,4,5,2,2,4.5
10/24/2024 19:41:29,Graduate student,Female,3,4,5,5,5,5,2,4,4,5,5,5,2,4.125
10/24/2024 19:41:52,Third year,Female,5,4,4,4,2,3,4,2,4,4,3,4,2,3.5
10/24/2024 19:43:37,Second year,Male,4,4,5,5,4,4,4,4,4,3,5,4,1,4.25
10/24/2024 19:44:02,Graduate student,Female,5,5,5,4,3,3,3,4,4,2,4,4,1,4
10/24/2024 19:44:21,Graduate student,Male,5,4,4,4,3,4,3,4,5,5,5,2,2,3.875
10/24/2024 19:45:11,Third year,Female,4,4,4,3,3,4,4,3,2,3,4,4,1,3.625
10/24/2024 19:46:57,Graduate student,Female,4,5,3,5,3,3,3,3,3,2,4,2,1,3.625
10/24/2024 19:48:09,Third year,Male,4,5,4,4,4,4,4,4,4,5,4,4,1,4.125
10/24/2024 19:50:06,Third year,Male,5,4,5,4,4,4,4,3,3,4,3,2,2,4.125
10/24/2024 19:50:39,Third year,Female,3,4,4,4,4,2,4,5,4,4,4,4,1,3.75
10/24/2024 19:53:54,Graduate student,Male,4,5,5,5,4,5,5,4,4,4,5,4,3,4.625
10/24/2024 19:55:34,Third year,Male,4,5,4,3,4,3,3,3,2,4,3,2,1,3.625
10/24/2024 19:56:15,Third year,Female,4,4,3,4,4,4,4,3,4,4,3,4,2,3.75
10/24/2024 19:56:35,Third year,Female,4,5,5,4,4,3,4,3,3,5,5,4,1,4
10/24/2024 19:59:55,Third year,Male,4,4,4,3,3,3,4,3,4,3,3,4,1,3.5
10/24/2024 20:00:33,Graduate student,Male,3,4,4,4,3,3,4,4,3,3,4,2,1,3.625
10/24/2024 20:01:31,Third year,Male,5,4,3,5,4,3,4,3,4,4,4,4,1,3.875
10/24/2024 20:15:00,Graduate student,Female,5,5,5,5,5,4,4,3,2,3,3,4,1,4.5
10/24/2024 20:15:20,Graduate student,Female,3,4,5,5,1,2,3,3,4,3,3,5,1,3.25
10/24/2024 20:16:39,Graduate student,Male,5,4,4,4,3,4,3,3,4,4,4,4,1,3.75
10/24/2024 20:16:59,Graduate student,Male,5,4,4,4,5,4,4,5,5,4,4,4,1,4.375
10/24/2024 20:17:36,Graduate student,Female,3,4,4,5,5,4,4,4,3,2,3,2,3,4.125
10/24/2024 20:18:00,Third year,Male,5,4,4,4,4,3,4,4,2,4,4,2,2,4
10/24/2024 20:20:46,Third year,Female,4,4,4,5,4,5,5,4,4,5,4,5,2,4.375
10/24/2024 20:31:06,Graduate student,Male,5,5,5,5,4,4,4,2,3,3,4,4,2,4.25
10/24/2024 20:31:33,Third year,Female,4,4,3,4,5,5,4,3,4,4,4,5,1,4
10/24/2024 20:32:06,Second year,Female,4,5,5,4,3,5,3,3,4,5,4,4,2,4
10/24/2024 20:35:16,Graduate student,Male,4,4,4,4,4,4,4,4,4,3,3,4,1,4
10/24/2024 20:36:31,Third year,Male,5,4,5,4,3,3,1,4,4,4,4,4,1,3.625
10/24/2024 20:37:39,Graduate student,Male,4,5,4,4,3,4,4,4,4,3,4,4,2,4
10/24/2024 20:41:20,Graduate student,Female,4,5,5,5,4,4,3,4,4,4,4,4,1,4.25
10/24/2024 20:44:28,Third year,Female,4,5,4,5,4,4,3,3,5,4,4,4,1,4
10/24/2024 20:44:47,Graduate student,Female,5,5,4,4,5,5,5,5,3,4,5,5,1,4.75
10/24/2024 20:45:15,Third year,Female,3,4,4,4,4,5,4,4,4,4,4,5,2,4
10/24/2024 20:46:44,Third year,Male,4,4,4,4,5,4,4,4,5,4,3,4,2,4.125
10/24/2024 20:49:24,Third year,Female,4,4,4,4,3,5,4,5,4,4,3,4,2,4.125
10/24/2024 23:42:01,Graduate student,Male,4,4,4,4,4,4,3,4,4,4,3,2,2,3.875
10/25/2024 13:58:07,Graduate student,Male,5,4,5,4,3,4,4,4,2,3,3,2,2,4.125
10/25/2024 13:59:02,Third year,Female,5,5,5,5,5,5,3,5,5,5,2,4,2,4.75
10/25/2024 14:00:04,Graduate student,Male,5,5,5,4,5,4,5,5,4,4,4,5,2,4.75
10/25/2024 14:00:29,Second year,Male,4,5,5,5,5,5,5,4,5,4,5,4,2,4.75
10/25/2024 14:00:46,Third year,Female,5,4,4,4,5,5,5,5,5,4,5,4,2,4.625
10/25/2024 14:01:05,Third year,Male,4,5,4,4,5,4,5,5,5,5,5,4,2,4.5
10/25/2024 14:01:23,Graduate student,Male,5,5,4,4,4,5,4,5,4,5,5,5,1,4.5
10/25/2024 14:02:34,Graduate student,Male,5,5,5,4,4,4,5,5,5,5,3,5,2,4.625
10/25/2024 14:02:52,Graduate student,Female,5,5,4,5,4,5,4,5,5,4,5,5,2,4.625
10/25/2024 14:06:29,Graduate student,Male,5,5,4,4,4,4,3,4,5,5,4,4,2,4.125
10/25/2024 14:07:54,Graduate student,Male,5,5,5,4,4,5,4,4,4,4,4,4,2,4.5
10/25/2024 14:08:24,Graduate student,Male,5,5,5,5,5,5,5,4,4,4,4,5,2,4.875
10/25/2024 14:09:06,Third year,Male,5,5,5,4,5,4,5,5,5,4,5,5,2,4.75
10/25/2024 14:09:50,Graduate student,Female,5,5,5,5,4,5,5,5,5,3,4,5,2,4.875
10/25/2024 14:11:59,Graduate student,Female,4,5,4,5,5,5,4,5,5,4,5,5,2,4.625
10/25/2024 14:13:22,Graduate student,Female,5,5,5,5,5,5,5,4,5,5,4,5,2,4.875
10/25/2024 14:13:48,Graduate student,Male,5,4,5,5,5,4,5,4,5,4,5,5,2,4.625
10/25/2024 14:14:18,Third year,Male,5,5,5,4,4,4,4,5,4,4,4,2,2,4.5
10/25/2024 14:14:49,Third year,Male,4,5,5,5,3,5,4,4,4,4,4,4,2,4.375
10/25/2024 14:15:11,Graduate student,Male,5,5,5,4,4,4,4,4,5,5,4,4,2,4.375
10/25/2024 14:15:45,Graduate student,Male,1,5,4,5,4,4,4,5,5,4,5,5,1,4
10/25/2024 14:17:23,Graduate student,Male,5,5,4,5,5,5,4,5,5,4,5,5,2,4.75
10/25/2024 14:18:35,Graduate student,Male,5,4,4,4,5,4,4,5,5,5,4,5,1,4.375
10/25/2024 14:19:58,Third year,Female,5,5,5,4,5,5,3,4,5,5,4,4,2,4.5
10/25/2024 14:21:16,Graduate student,Female,5,5,5,4,4,5,5,5,5,4,4,5,2,4.75
10/25/2024 14:21:35,Third year,Female,4,4,5,5,5,5,4,4,5,5,4,5,2,4.5
10/25/2024 14:21:53,Graduate student,Female,5,4,5,4,5,4,5,5,5,5,5,5,1,4.625
10/25/2024 14:22:58,Graduate student,Male,5,5,4,5,4,4,4,4,5,5,4,5,2,4.375
10/25/2024 14:23:22,Graduate student,Male,4,4,4,4,5,5,5,5,4,5,5,5,2,4.5
10/25/2024 14:23:41,Graduate student,Male,5,4,5,5,5,4,5,5,4,5,5,5,2,4.75
10/25/2024 14:24:53,Graduate student,Male,5,5,5,5,5,4,5,4,4,4,4,5,2,4.75
10/25/2024 14:26:34,Graduate student,Male,4,4,5,4,5,5,5,3,5,4,4,5,2,4.375
10/25/2024 14:27:36,Graduate student,Male,4,5,5,5,4,5,4,5,5,5,5,4,2,4.625
10/25/2024 14:27:55,Graduate student,Male,5,4,4,5,4,5,4,5,5,5,5,5,1,4.5
10/25/2024 14:28:15,Graduate student,Male,5,4,5,5,4,5,4,5,5,5,4,5,2,4.625
10/25/2024 14:28:44,Graduate student,Male,5,4,4,5,4,5,5,5,4,4,4,5,2,4.625
10/25/2024 14:30:26,Graduate student,Male,5,4,4,5,4,5,4,4,4,4,4,5,2,4.375
10/25/2024 14:31:38,Graduate student,Male,4,5,5,4,4,4,4,4,4,4,4,4,1,4.25
10/25/2024 14:32:08,Graduate student,Male,4,4,4,5,4,4,4,5,4,4,5,4,2,4.25
10/25/2024 14:32:40,Third year,Male,5,4,5,4,4,4,4,4,4,4,4,4,1,4.25
10/25/2024 14:33:25,Third year,Male,4,5,5,5,4,4,4,4,5,5,4,4,1,4.375
10/25/2024 14:34:24,Graduate student,Male,5,4,4,4,4,4,4,4,4,4,4,5,2,4.125
10/25/2024 14:34:46,Third year,Male,4,4,5,5,5,4,5,5,5,5,5,4,2,4.625
10/25/2024 14:35:09,Graduate student,Male,5,5,4,5,4,5,5,5,5,4,4,4,2,4.75
10/25/2024 14:35:31,Graduate student,Male,5,4,4,4,4,5,4,4,4,4,4,5,2,4.25
10/25/2024 14:35:55,Graduate student,Male,5,4,4,5,5,5,5,5,4,4,4,4,2,4.75
10/25/2024 14:36:26,Third year,Female,4,4,5,5,4,4,5,5,4,4,5,4,2,4.5
10/25/2024 14:36:51,Graduate student,Female,4,5,4,5,5,5,5,5,5,4,5,4,2,4.75
10/25/2024 14:38:50,Graduate student,Male,4,4,4,5,5,5,5,5,5,4,4,5,2,4.625
10/25/2024 14:39:09,Third year,Male,4,5,5,4,4,4,5,4,4,4,5,5,2,4.375
10/25/2024 14:39:43,Third year,Male,4,4,5,5,4,5,5,4,4,5,4,5,1,4.5
10/25/2024 14:40:03,Third year,Female,4,4,4,4,4,3,5,4,4,5,5,5,2,4
10/25/2024 14:40:26,Third year,Male,5,5,5,5,4,5,4,4,4,4,5,5,1,4.625
10/25/2024 14:40:44,Third year,Female,5,4,4,4,5,3,4,4,5,5,5,5,2,4.125
10/25/2024 14:41:05,Third year,Male,4,4,4,5,5,5,5,5,4,5,5,4,2,4.625
10/25/2024 14:44:33,Graduate student,Male,4,4,4,5,5,5,4,4,4,5,4,5,2,4.375
10/25/2024 14:45:02,Graduate student,Male,5,5,4,5,5,4,5,4,4,4,4,5,2,4.625
10/25/2024 14:45:46,Graduate student,Male,4,5,5,4,5,3,4,4,4,4,4,4,2,4.25
10/25/2024 14:46:29,Graduate student,Male,5,4,5,5,4,5,4,4,5,5,4,4,2,4.5
10/25/2024 14:46:59,Graduate student,Female,5,5,5,5,4,4,5,5,4,5,5,5,2,4.75
10/25/2024 14:51:35,Graduate student,Male,5,5,4,5,5,5,4,4,3,4,4,4,1,4.625
10/25/2024 14:53:03,Graduate student,Female,4,4,5,5,4,4,4,4,4,4,4,4,2,4.25
10/25/2024 15:00:28,Graduate student,Male,5,5,4,5,4,4,4,4,4,4,4,5,2,4.375
10/25/2024 15:02:22,Graduate student,Female,4,4,4,4,4,5,5,5,5,5,5,5,2,4.375
10/25/2024 15:03:27,Graduate student,Male,5,5,5,5,5,5,5,5,5,5,4,5,2,5
10/25/2024 15:03:49,Graduate student,Female,5,4,5,5,5,5,4,5,5,5,5,5,2,4.75
10/25/2024 15:04:31,Graduate student,Male,5,4,5,5,5,5,5,5,5,5,4,5,2,4.875
10/25/2024 15:05:08,Graduate student,Male,4,5,5,5,4,4,3,4,4,5,5,5,2,4.25
10/25/2024 15:05:59,Graduate student,Male,5,5,4,4,5,5,5,5,4,4,5,5,2,4.75
10/25/2024 15:06:32,Graduate student,Male,5,4,4,5,5,5,4,5,3,5,5,5,1,4.625
10/25/2024 15:06:50,Graduate student,Male,4,4,4,5,5,5,5,4,5,4,5,5,2,4.5
10/25/2024 15:07:09,Graduate student,Female,5,5,5,5,4,4,4,4,5,5,4,5,2,4.5
10/25/2024 15:07:28,Graduate student,Female,4,4,5,5,5,5,4,4,4,5,4,5,2,4.5
10/25/2024 15:08:42,Graduate student,Male,4,5,5,4,4,5,5,5,4,5,5,4,2,4.625
10/25/2024 15:09:52,Graduate student,Female,4,5,5,5,5,5,3,4,4,5,5,5,2,4.5
10/25/2024 15:11:20,Graduate student,Male,5,4,4,4,4,4,4,5,5,4,5,5,2,4.25
10/25/2024 15:12:24,Graduate student,Male,5,5,5,5,5,5,4,5,5,5,5,5,2,4.875
10/25/2024 15:13:13,Graduate student,Male,5,5,5,5,4,5,5,5,5,5,5,5,2,4.875
10/25/2024 15:14:43,Graduate student,Female,5,4,5,5,5,4,5,5,5,5,5,5,2,4.75
10/25/2024 15:16:46,Graduate student,Female,5,5,5,5,3,4,4,4,4,4,4,5,2,4.375
10/25/2024 16:10:27,Graduate student,Male,5,5,5,4,5,5,5,5,5,5,4,5,2,4.875
10/25/2024 16:11:07,Graduate student,Female,5,5,5,5,5,5,5,5,5,5,5,5,2,5
10/25/2024 16:12:57,Graduate student,Male,5,5,5,5,5,5,5,5,5,5,5,5,2,5
10/25/2024 16:58:40,Graduate student,Female,5,5,5,5,5,5,4,5,4,5,5,5,1,4.875
10/25/2024 16:59:38,Graduate student,Female,5,4,5,4,4,4,4,5,5,4,5,5,1,4.375
10/25/2024 17:37:37,Graduate student,Female,5,5,4,5,4,4,4,4,5,4,5,4,2,4.375
10/25/2024 17:38:08,Graduate student,Female,4,5,5,5,4,5,5,4,5,4,5,5,2,4.625
10/25/2024 17:38:32,Third year,Female,5,5,5,5,4,5,5,5,5,4,5,5,1,4.875
10/25/2024 17:40:37,Graduate student,Male,4,5,4,5,5,5,5,5,5,5,5,5,2,4.75
10/25/2024 17:41:11,Graduate student,Female,5,5,5,5,5,5,5,5,4,5,5,5,2,5
10/25/2024 18:02:11,Third year,Female,5,5,5,4,4,5,5,4,5,5,5,5,2,4.625
10/25/2024 18:02:32,Third year,Female,4,4,4,5,5,4,5,5,5,5,5,4,2,4.5
10/25/2024 18:02:53,Graduate student,Female,5,5,4,4,4,4,5,5,5,5,4,5,1,4.5
10/25/2024 18:03:34,Graduate student,Female,5,5,5,5,5,5,5,4,5,5,4,5,2,4.875
10/25/2024 18:04:04,Graduate student,Male,5,5,5,4,4,5,5,5,4,4,4,5,2,4.75
10/25/2024 18:04:24,Graduate student,Male,4,5,5,5,5,5,4,5,5,4,5,5,1,4.75
10/25/2024 19:54:43,Graduate student,Male,5,5,5,5,5,5,5,5,4,5,5,5,2,5
10/25/2024 21:10:07,Graduate student,Male,4,4,5,5,4,5,4,5,4,4,4,4,2,4.5
10/26/2024 7:52:34,Graduate student,Male,4,5,5,5,4,4,5,5,5,3,4,4,1,4.625
10/26/2024 7:53:36,Graduate student,Male,4,5,5,5,4,5,4,4,5,5,5,5,1,4.5
10/26/2024 7:53:56,Third year,Male,5,5,5,5,4,5,5,5,4,5,4,4,2,4.875
10/26/2024 7:54:18,Graduate student,Male,5,5,5,4,5,5,4,5,5,5,4,5,1,4.75
10/26/2024 7:54:50,Graduate student,Male,5,5,5,5,4,5,4,4,4,5,5,4,2,4.625
10/26/2024 7:55:18,Third year,Male,5,4,5,5,5,5,4,5,5,5,5,4,1,4.75
10/26/2024 7:57:08,Graduate student,Male,4,4,5,4,4,5,4,5,5,4,5,5,2,4.375
10/26/2024 7:57:30,Graduate student,Male,5,5,5,5,5,5,4,5,5,5,5,4,2,4.875
10/26/2024 7:58:01,Graduate student,Male,5,5,5,4,5,5,5,4,4,4,5,5,2,4.75
10/26/2024 7:58:21,Graduate student,Male,5,5,4,5,5,4,5,5,5,5,5,4,2,4.75
10/26/2024 7:58:40,Third year,Male,5,4,5,5,4,4,4,5,5,5,5,5,1,4.5
10/26/2024 7:58:59,Graduate student,Male,5,5,5,5,3,4,4,4,4,4,5,5,2,4.375
10/26/2024 7:59:21,Graduate student,Male,5,4,5,5,4,5,5,5,5,4,5,5,2,4.75
10/26/2024 7:59:40,Graduate student,Male,5,5,5,4,5,4,5,4,5,5,5,5,2,4.625
10/26/2024 8:00:15,Graduate student,Male,5,5,4,4,5,5,5,5,5,5,4,5,2,4.75
10/26/2024 8:00:46,Graduate student,Male,5,4,5,5,5,4,5,5,5,5,4,5,3,4.75
10/26/2024 8:01:05,Graduate student,Male,5,5,5,5,5,5,5,5,5,4,5,5,2,5
10/26/2024 8:02:03,Graduate student,Male,5,5,5,4,5,4,4,5,5,4,5,5,2,4.625
10/26/2024 8:02:44,Graduate student,Male,5,5,4,4,5,5,5,5,4,4,5,5,2,4.75
10/26/2024 8:03:07,Third year,Male,5,5,5,5,4,4,4,4,4,4,4,4,2,4.5
10/26/2024 8:03:45,Graduate student,Male,5,5,5,5,5,5,4,5,4,5,4,5,2,4.875
10/26/2024 8:07:04,Graduate student,Male,5,4,5,5,5,5,4,4,4,5,4,5,2,4.625
10/26/2024 8:07:34,Graduate student,Male,5,5,4,5,5,5,4,5,4,5,5,5,2,4.75
10/26/2024 8:08:49,Graduate student,Male,5,5,4,5,5,5,5,5,4,5,5,5,1,4.875
10/26/2024 8:22:11,Graduate student,Male,5,5,5,5,5,4,5,5,5,5,5,5,2,4.875
10/26/2024 8:32:28,Graduate student,Male,5,5,4,5,5,5,5,5,4,5,5,5,2,4.875
10/26/2024 8:33:27,Graduate student,Male,5,4,5,4,5,5,5,5,4,4,4,5,1,4.75
10/26/2024 8:34:27,Graduate student,Male,5,5,5,5,4,5,5,5,5,4,5,5,2,4.875
10/26/2024 8:36:25,Graduate student,Female,5,4,4,5,5,5,4,5,5,4,5,4,2,4.625
10/26/2024 8:50:52,Graduate student,Male,5,5,4,5,4,4,4,4,4,4,4,4,1,4.375
10/26/2024 8:52:12,Graduate student,Male,5,5,5,5,4,5,5,4,4,4,5,5,2,4.75
10/26/2024 8:55:29,Graduate student,Male,5,5,5,5,5,5,4,5,5,4,5,5,2,4.875
10/26/2024 8:55:48,Graduate student,Male,4,4,4,5,5,4,4,5,5,5,4,5,1,4.375
10/26/2024 8:56:07,Graduate student,Male,5,5,4,5,5,5,5,4,4,5,5,5,2,4.75
10/26/2024 8:57:12,Graduate student,Male,5,5,5,5,4,4,4,5,5,5,5,5,2,4.625
10/26/2024 8:58:38,Graduate student,Male,5,5,5,4,5,4,5,5,4,5,4,5,2,4.75
10/26/2024 8:58:58,Graduate student,Male,4,5,4,4,5,5,4,5,5,4,5,5,1,4.5
10/26/2024 9:06:53,Graduate student,Male,5,4,5,5,4,5,5,4,5,4,5,5,2,4.625
10/26/2024 9:09:25,Graduate student,Male,5,5,5,5,5,5,5,5,5,5,5,5,2,5
10/26/2024 9:12:38,Graduate student,Male,5,4,4,5,5,5,5,5,3,4,5,5,1,4.75
10/26/2024 9:16:00,Graduate student,Male,5,4,4,4,5,5,4,4,4,4,5,5,2,4.375
10/26/2024 9:54:07,Graduate student,Female,5,5,5,5,5,5,4,5,5,5,5,5,2,4.875
10/26/2024 9:55:04,Graduate student,Male,5,5,5,5,5,5,5,5,5,4,4,4,2,5
10/26/2024 9:57:26,Graduate student,Male,5,4,5,5,5,5,4,5,4,5,5,5,3,4.75
10/26/2024 10:00:32,Graduate student,Male,5,4,5,5,3,5,5,5,5,5,5,5,2,4.625
10/26/2024 10:00:58,Third year,Male,5,5,4,5,5,5,5,4,5,5,5,5,1,4.75
10/26/2024 10:01:52,Graduate student,Male,5,4,4,5,5,5,4,4,5,5,5,5,2,4.5
10/26/2024 10:02:09,Graduate student,Female,4,5,5,3,5,5,5,4,5,4,5,5,2,4.5
10/26/2024 10:02:26,Third year,Female,5,5,5,5,5,5,4,5,4,5,5,5,1,4.875
10/26/2024 10:08:51,Third year,Female,4,4,5,5,5,4,4,4,4,4,5,5,2,4.375
10/26/2024 10:09:25,Graduate student,Female,5,5,5,4,4,5,4,5,5,5,5,5,1,4.625
10/26/2024 10:10:15,Graduate student,Male,5,5,4,4,4,5,5,5,5,5,5,5,1,4.625
10/26/2024 10:11:18,Third year,Female,4,5,4,5,5,4,5,5,5,4,4,5,2,4.625
10/26/2024 10:11:41,Graduate student,Male,5,4,5,5,5,5,5,5,5,5,5,4,2,4.875
10/26/2024 10:13:01,Graduate student,Male,4,4,4,5,4,5,5,5,5,5,5,4,2,4.5
10/26/2024 10:13:37,Graduate student,Male,5,5,5,5,5,5,5,5,5,5,5,5,1,5
10/26/2024 10:14:22,Graduate student,Male,5,4,5,5,4,5,5,4,5,5,5,5,2,4.625
10/26/2024 10:14:59,Graduate student,Male,5,4,5,5,3,4,5,5,5,5,5,5,2,4.5
10/26/2024 10:15:20,Graduate student,Female,4,5,5,5,5,5,5,5,5,4,5,5,2,4.875
10/26/2024 10:16:32,Graduate student,Male,4,4,5,5,5,5,5,5,4,4,5,5,2,4.75
10/26/2024 10:28:58,Graduate student,Male,4,4,5,4,5,4,5,5,4,5,4,4,2,4.5
10/26/2024 10:29:17,Graduate student,Male,4,5,5,4,5,5,4,4,4,5,5,4,2,4.5
10/26/2024 13:55:02,Graduate student,Male,5,5,4,4,5,4,4,4,4,5,5,5,1,4.375
10/26/2024 13:55:34,Graduate student,Male,5,4,5,5,4,5,4,5,4,4,5,5,2,4.625
10/26/2024 13:56:00,Graduate student,Male,4,3,4,4,4,4,4,5,5,5,5,5,1,4
10/26/2024 13:56:24,Graduate student,Male,5,5,5,5,4,5,5,5,5,5,4,5,2,4.875
10/26/2024 13:56:53,Graduate student,Male,5,3,4,4,4,5,5,5,5,5,5,5,2,4.375
10/26/2024 13:57:20,First year,Male,5,4,5,5,4,5,5,5,5,5,5,5,1,4.75
10/26/2024 13:57:40,Third year,Male,5,5,5,5,4,5,5,5,4,4,5,5,2,4.875
10/26/2024 13:57:57,Graduate student,Female,5,5,4,5,5,5,5,5,4,5,5,5,2,4.875
10/26/2024 13:58:14,Graduate student,Female,4,5,4,5,5,5,4,5,5,5,5,5,2,4.625
10/26/2024 13:58:31,Graduate student,Male,5,5,4,5,5,4,5,5,5,4,4,5,2,4.75
10/26/2024 13:58:48,Graduate student,Male,5,5,5,4,4,5,5,5,5,4,5,5,2,4.75
10/26/2024 13:59:05,Graduate student,Female,5,5,5,5,5,4,5,5,5,5,5,5,2,4.875
10/26/2024 13:59:24,Third year,Male,5,5,5,4,5,5,3,4,5,5,4,5,2,4.5
10/26/2024 13:59:41,Graduate student,Male,5,5,5,5,5,5,5,5,4,4,5,5,1,5
10/26/2024 14:00:04,Third year,Male,4,4,5,5,4,5,5,4,5,5,4,4,2,4.5
10/26/2024 14:00:20,Graduate student,Male,5,5,5,4,5,5,5,4,5,5,4,5,1,4.75
10/26/2024 14:00:42,Graduate student,Female,5,5,5,5,3,4,3,4,4,5,4,5,2,4.25
10/26/2024 14:01:00,Graduate student,Male,5,4,4,5,4,5,5,3,5,4,4,5,4,4.375
10/26/2024 14:01:17,Graduate student,Male,5,4,4,3,4,5,4,5,4,4,5,5,1,4.25
10/26/2024 14:01:35,Graduate student,Male,4,5,4,5,4,4,4,4,5,5,4,5,1,4.25
10/26/2024 14:01:52,Graduate student,Male,5,5,5,4,4,5,4,5,4,4,4,5,1,4.625
10/26/2024 14:02:18,Third year,Male,4,5,4,5,5,5,5,4,5,4,4,5,2,4.625
10/26/2024 14:02:37,Third year,Male,5,3,5,5,4,5,4,5,5,4,5,5,1,4.5
10/26/2024 14:02:58,Graduate student,Male,4,4,4,5,4,4,5,5,4,5,5,4,1,4.375
10/26/2024 14:03:17,Third year,Female,5,4,5,5,3,4,4,5,5,4,5,5,2,4.375
10/26/2024 14:03:37,Second year,Male,4,4,4,5,4,3,5,4,4,4,4,5,1,4.125
10/26/2024 14:03:57,Third year,Female,4,5,4,5,3,4,5,5,3,5,5,5,2,4.375
10/26/2024 14:04:14,Second year,Female,3,4,4,4,4,4,4,4,4,5,5,5,1,3.875
10/26/2024 14:04:37,Graduate student,Male,5,5,5,5,5,5,5,5,4,4,5,5,2,5
10/26/2024 14:04:55,Graduate student,Male,4,5,4,4,4,4,5,4,4,4,5,5,1,4.25
10/26/2024 14:05:12,Graduate student,Male,4,4,4,5,5,4,4,4,4,4,4,4,1,4.25
10/26/2024 14:05:33,Second year,Male,4,4,3,4,3,5,4,4,4,4,4,4,1,3.875
10/26/2024 14:05:50,Graduate student,Male,5,5,4,4,4,4,4,4,4,4,3,4,1,4.25
10/26/2024 14:06:08,Graduate student,Male,5,4,5,4,4,4,4,4,4,5,5,5,2,4.25
10/26/2024 14:06:26,Graduate student,Male,4,4,5,4,4,4,5,5,4,4,5,4,2,4.375
10/26/2024 14:06:42,Third year,Male,5,4,4,4,5,4,5,5,5,4,5,5,1,4.5
10/26/2024 14:06:59,Graduate student,Male,5,4,5,4,5,5,5,5,4,5,5,5,2,4.75
10/26/2024 14:07:15,Third year,Female,5,4,5,5,4,4,4,4,5,5,4,4,3,4.375
10/26/2024 14:07:40,Graduate student,Male,4,4,4,4,5,4,3,3,4,4,3,4,1,3.875
10/26/2024 14:07:56,Second year,Female,5,4,4,4,4,4,3,4,4,4,5,5,1,4
10/26/2024 14:08:15,Third year,Male,4,4,5,5,4,4,4,5,4,5,5,5,1,4.375
10/26/2024 14:08:31,Third year,Male,5,5,5,5,5,4,5,4,4,5,5,4,2,4.75
10/26/2024 14:08:46,Third year,Male,4,5,5,5,5,5,5,5,5,5,5,5,2,4.875
10/26/2024 14:09:03,Third year,Male,4,4,4,4,4,5,5,4,4,5,5,5,3,4.25
10/26/2024 14:09:21,Graduate student,Male,5,5,4,5,4,5,5,5,4,5,4,4,3,4.75
10/26/2024 14:09:45,Graduate student,Male,5,5,4,5,4,5,4,5,4,5,5,5,2,4.625
10/26/2024 14:10:09,Third year,Female,5,4,4,4,4,5,5,4,5,4,4,4,1,4.375
10/26/2024 14:10:57,Graduate student,Male,4,4,4,4,5,5,5,4,4,4,5,5,1,4.375
10/26/2024 14:11:17,Third year,Male,4,5,4,5,5,5,5,4,4,4,3,4,1,4.625
10/26/2024 14:11:50,Third year,Female,4,5,5,4,5,5,5,4,5,4,4,4,1,4.625
10/26/2024 14:12:07,Third year,Male,4,4,4,4,4,5,3,5,4,4,4,4,1,4.125
10/26/2024 14:12:24,Graduate student,Male,5,5,3,4,4,4,5,4,4,5,4,4,1,4.25
10/26/2024 14:12:42,Graduate student,Female,4,5,5,5,4,4,4,5,4,4,4,5,1,4.5
10/26/2024 14:13:50,Graduate student,Female,4,4,4,5,5,5,5,4,5,4,5,5,2,4.5
10/26/2024 14:14:11,Third year,Male,4,4,4,4,4,4,4,4,4,4,5,5,2,4
10/26/2024 14:14:29,Graduate student,Male,5,5,4,4,5,5,4,5,5,5,4,5,1,4.625
10/26/2024 14:16:13,Third year,Female,5,4,4,4,4,4,4,4,3,4,4,5,1,4.125
10/26/2024 14:16:58,Graduate student,Male,4,4,5,4,4,4,5,4,5,4,5,5,1,4.25
10/26/2024 14:17:27,Third year,Female,4,4,5,4,4,5,5,4,4,5,4,5,1,4.375
10/26/2024 14:17:51,Third year,Male,5,5,4,5,5,5,4,4,4,4,4,4,2,4.625
10/26/2024 14:18:44,Third year,Male,4,4,4,4,4,4,4,4,4,4,5,4,2,4
10/26/2024 14:19:10,Third year,Male,4,4,4,5,5,4,4,4,4,5,4,4,1,4.25
10/26/2024 14:19:32,Third year,Female,5,4,4,4,4,4,4,4,4,4,5,5,1,4.125
10/26/2024 14:19:54,Graduate student,Male,5,4,5,4,4,4,4,4,5,5,5,4,2,4.25
10/26/2024 14:22:58,Graduate student,Male,4,4,4,4,4,4,4,4,4,4,5,5,1,4
10/26/2024 14:23:32,Graduate student,Male,5,5,5,4,4,4,4,4,4,4,5,5,1,4.375
10/26/2024 14:24:07,Third year,Male,5,5,4,4,4,4,5,5,5,5,5,5,1,4.5
10/26/2024 14:24:32,Graduate student,Male,5,5,4,4,4,4,5,5,4,4,4,5,2,4.5
10/26/2024 14:27:32,Graduate student,Male,5,4,5,5,4,4,4,4,5,5,5,4,2,4.375
10/26/2024 14:27:50,Graduate student,Male,5,5,5,5,4,4,5,5,4,5,4,5,2,4.75
10/26/2024 14:28:07,Graduate student,Male,5,5,5,5,4,5,5,4,5,5,4,5,2,4.75
10/26/2024 14:28:24,Graduate student,Female,5,4,4,5,5,5,4,4,4,4,5,5,2,4.5
10/26/2024 14:28:44,Graduate student,Female,5,5,5,5,5,4,4,5,4,4,4,5,2,4.75
10/26/2024 14:29:03,Graduate student,Male,5,5,4,5,4,5,4,4,4,4,4,4,1,4.5
10/26/2024 14:29:20,Graduate student,Male,5,5,4,5,4,3,4,5,5,4,5,5,1,4.375
10/26/2024 14:34:28,Graduate student,Male,5,5,4,4,4,4,4,4,4,5,5,4,1,4.25
10/26/2024 14:35:27,Second year,Female,4,5,5,5,4,4,5,5,5,5,5,5,2,4.625
10/26/2024 14:36:23,Graduate student,Female,5,5,5,5,5,5,4,5,4,5,5,5,1,4.875
10/26/2024 15:25:18,Graduate student,Male,4,4,4,5,4,4,4,3,4,4,4,4,1,4
10/26/2024 15:25:36,Third year,Female,4,4,4,5,4,4,5,5,5,4,4,5,1,4.375
10/26/2024 15:26:02,Graduate student,Female,4,4,4,3,3,3,3,5,4,4,4,5,1,3.625
10/26/2024 15:26:47,Graduate student,Male,4,4,4,1,5,4,4,4,4,4,5,4,1,3.75
10/26/2024 15:27:12,Graduate student,Female,3,4,4,1,4,4,4,4,4,4,4,4,1,3.5
10/26/2024 15:27:34,Graduate student,Male,4,4,4,2,4,4,4,4,4,4,4,4,1,3.75
10/26/2024 15:27:56,Graduate student,Male,4,4,4,1,4,5,4,4,4,4,4,4,2,3.75
10/26/2024 15:28:17,Graduate student,Female,4,4,5,2,3,5,4,4,4,4,4,4,1,3.875
10/26/2024 15:28:49,Graduate student,Male,5,4,3,1,4,4,4,4,4,4,5,5,1,3.625
10/26/2024 15:29:24,Graduate student,Male,4,5,3,1,5,5,3,4,3,4,4,4,1,3.75
10/26/2024 15:55:54,Third year,Male,4,4,4,1,5,4,5,4,4,5,5,5,2,3.875
10/26/2024 15:56:16,First year,Male,5,5,4,1,5,4,5,5,4,5,5,5,2,4.25
10/26/2024 15:56:35,Third year,Male,5,5,4,1,5,4,4,4,4,5,4,4,2,4
10/26/2024 15:56:57,Graduate student,Male,5,5,5,1,5,5,5,5,4,5,4,4,2,4.5
10/26/2024 15:57:17,Graduate student,Male,4,5,4,1,4,5,5,5,4,5,5,5,2,4.125
10/26/2024 15:57:40,Graduate student,Male,5,4,3,1,5,4,4,5,5,5,5,5,2,3.875
10/26/2024 15:58:02,Graduate student,Female,5,5,5,1,4,5,4,5,5,5,4,5,2,4.25
10/26/2024 15:58:31,Graduate student,Male,5,5,5,1,5,5,5,4,5,5,5,5,2,4.375
10/26/2024 15:58:52,Graduate student,Male,5,5,5,1,5,5,5,5,5,5,5,5,2,4.5
10/26/2024 15:59:25,Graduate student,Female,5,5,4,1,5,5,5,5,5,5,5,5,2,4.375
10/26/2024 15:59:42,Graduate student,Male,5,4,5,1,4,4,4,5,5,5,5,5,2,4
10/26/2024 16:00:18,Graduate student,Female,4,4,4,1,4,5,5,5,5,4,4,5,2,4
10/26/2024 16:00:42,Graduate student,Female,5,5,5,1,5,5,5,5,5,5,4,5,2,4.5
10/26/2024 16:01:05,Graduate student,Male,5,5,5,1,5,5,5,4,5,5,5,5,2,4.375
10/26/2024 16:01:23,Graduate student,Female,5,5,5,1,5,5,5,5,5,5,5,5,2,4.5
10/26/2024 16:01:42,Graduate student,Female,5,5,4,1,5,5,4,4,5,5,4,5,2,4.125
10/26/2024 16:02:06,Graduate student,Male,5,5,4,1,5,5,4,5,5,5,5,5,2,4.25
10/26/2024 16:02:31,Graduate student,Male,5,5,4,1,5,4,5,5,5,5,5,5,2,4.25
10/26/2024 16:03:09,Third year,Female,5,5,5,1,5,4,5,5,5,5,5,5,2,4.375
10/26/2024 16:03:28,Third year,Male,5,4,5,1,5,5,5,5,5,5,5,5,2,4.375
10/26/2024 16:04:19,Third year,Male,5,5,5,1,5,5,5,5,4,5,4,5,2,4.5
10/26/2024 16:04:38,Graduate student,Male,5,5,5,1,5,5,5,5,5,5,5,5,2,4.5
10/26/2024 16:04:56,Graduate student,Male,5,5,5,1,5,5,5,5,4,5,5,5,2,4.5
10/26/2024 16:05:17,Graduate student,Male,5,5,5,1,4,5,5,4,5,5,5,5,2,4.25
10/26/2024 16:07:55,Graduate student,Male,5,5,5,1,5,5,5,5,5,5,5,5,2,4.5
10/26/2024 16:08:15,Graduate student,Male,5,5,5,1,5,5,5,5,5,5,5,5,2,4.5
10/26/2024 16:09:58,Graduate student,Male,5,5,5,1,5,5,5,5,5,5,5,5,2,4.5
10/26/2024 16:10:19,Third year,Female,5,5,5,1,5,5,5,5,5,5,5,5,2,4.5
10/26/2024 16:10:40,Graduate student,Female,5,5,5,1,5,5,5,5,5,5,5,5,2,4.5
10/26/2024 16:12:18,Third year,Male,5,5,4,1,5,4,4,4,5,5,3,5,1,4
10/26/2024 16:12:51,First year,Male,5,5,5,1,5,5,4,4,4,4,3,4,2,4.25
10/26/2024 16:13:21,Third year,Male,4,4,4,1,5,4,4,5,5,4,4,5,2,3.875
10/26/2024 16:13:51,Graduate student,Male,5,5,4,1,4,4,1,4,3,4,3,5,2,3.5
10/26/2024 16:14:26,Third year,Female,5,4,4,1,4,4,4,4,4,5,4,4,1,3.75
10/26/2024 16:14:45,Third year,Male,4,4,4,1,4,4,4,4,4,4,4,5,2,3.625
10/26/2024 16:15:09,Graduate student,Male,5,4,4,1,4,4,4,4,4,4,4,4,2,3.75
10/26/2024 16:19:38,Graduate student,Male,5,5,5,1,5,4,5,5,5,5,3,5,2,4.375
10/26/2024 16:20:00,Graduate student,Female,4,4,4,1,4,5,4,5,4,4,4,4,1,3.875
10/26/2024 16:20:31,Third year,Male,4,4,4,1,4,4,4,4,5,5,2,5,2,3.625
10/26/2024 16:21:08,Third year,Male,5,5,4,1,4,4,4,3,5,4,2,4,2,3.75
10/26/2024 16:21:38,Second year,Male,4,4,4,1,4,4,4,4,4,4,2,4,1,3.625
10/26/2024 16:21:59,Graduate student,Male,5,4,4,1,4,4,4,4,4,4,4,5,2,3.75
10/26/2024 16:23:03,Third year,Male,5,5,4,1,4,4,4,4,4,4,2,5,2,3.875
10/26/2024 16:23:24,Graduate student,Male,5,4,5,1,4,5,5,4,5,5,5,4,1,4.125
10/26/2024 16:23:51,Graduate student,Male,4,4,4,1,4,5,4,5,5,4,4,4,2,3.875
10/26/2024 16:24:13,Graduate student,Female,4,4,4,1,4,4,4,4,4,5,4,4,2,3.625
10/26/2024 16:28:54,Third year,Female,4,5,4,1,5,4,4,5,5,4,5,5,1,4
10/26/2024 16:29:16,Third year,Male,4,5,4,1,4,4,4,4,4,4,4,4,5,3.75
10/26/2024 16:29:57,Third year,Male,5,4,4,1,4,4,4,4,4,4,4,4,2,3.75
10/26/2024 16:30:27,Third year,Male,4,4,4,1,4,4,4,4,4,4,2,4,1,3.625
10/26/2024 16:30:51,Third year,Male,4,4,4,1,5,4,4,4,4,4,4,4,2,3.75
10/26/2024 16:31:14,Graduate student,Male,5,4,5,1,5,4,4,4,4,4,4,4,2,4
10/26/2024 16:31:35,Graduate student,Male,5,4,4,1,5,4,4,4,4,4,4,5,2,3.875
10/26/2024 16:31:55,Third year,Male,5,4,5,1,5,5,4,5,4,4,5,5,2,4.25
10/26/2024 16:32:15,Graduate student,Female,5,5,4,1,4,4,5,3,3,3,3,4,1,3.875
10/26/2024 16:39:11,Third year,Male,4,5,4,1,4,4,4,4,1,3,3,4,2,3.75
10/26/2024 16:39:36,Third year,Male,5,4,4,1,4,3,4,4,4,4,4,4,3,3.625
10/26/2024 16:40:00,Graduate student,Male,4,4,4,1,4,4,4,4,4,4,3,4,1,3.625
10/26/2024 16:40:21,Third year,Female,5,4,5,1,4,5,4,4,5,4,4,5,1,4
10/26/2024 16:40:42,Third year,Male,4,3,4,1,4,4,4,4,4,4,4,4,1,3.5
10/26/2024 16:41:02,Graduate student,Male,4,4,4,1,5,4,4,5,4,4,4,4,1,3.875
10/26/2024 16:41:22,Graduate student,Male,4,4,3,1,5,4,4,4,4,4,3,4,2,3.625
10/26/2024 16:41:43,Third year,Male,4,4,4,1,4,4,4,4,4,4,4,4,1,3.625
10/26/2024 16:42:02,Third year,Male,5,4,4,1,4,4,4,4,4,4,3,5,2,3.75
10/26/2024 16:42:19,Third year,Male,4,4,4,1,4,4,4,4,4,4,4,4,2,3.625
10/26/2024 16:42:41,Graduate student,Male,4,4,4,1,4,4,4,3,5,4,4,4,2,3.5
10/26/2024 16:43:00,Graduate student,Male,4,4,4,1,4,4,5,4,4,4,4,4,1,3.75
10/26/2024 16:43:18,Graduate student,Male,5,5,4,1,5,4,4,5,4,5,4,4,2,4.125
10/26/2024 16:43:39,Third year,Female,4,5,4,1,5,4,4,4,5,4,4,5,2,3.875
10/26/2024 16:43:56,Graduate student,Male,4,4,4,1,4,4,5,5,5,4,4,5,2,3.875
10/26/2024 16:44:13,Third year,Male,4,4,4,1,4,4,5,4,5,5,4,4,1,3.75
10/26/2024 16:47:13,Graduate student,Male,4,4,3,1,4,4,4,4,4,4,4,4,1,3.5
10/26/2024 16:47:35,Graduate student,Male,4,4,4,1,4,4,4,4,3,4,3,4,2,3.625
10/26/2024 16:48:43,Third year,Male,4,4,4,1,4,4,4,3,4,4,4,4,2,3.5
10/26/2024 16:49:03,Third year,Male,4,4,4,1,4,4,3,4,4,4,4,4,1,3.5
10/26/2024 16:49:24,First year,Male,4,4,4,1,4,4,4,4,4,4,4,4,1,3.625
10/26/2024 16:49:48,Graduate student,Male,4,4,4,1,4,4,4,4,4,4,4,4,1,3.625
10/26/2024 16:52:42,Third year,Female,4,4,4,1,3,4,4,4,4,4,4,4,1,3.5
10/26/2024 16:53:29,Third year,Male,4,4,4,1,4,4,4,4,4,4,4,4,2,3.625
10/26/2024 16:53:48,Third year,Male,4,4,4,1,4,4,4,4,5,4,4,5,1,3.625
10/26/2024 16:54:11,Third year,Male,5,4,4,1,4,4,4,5,5,4,4,5,2,3.875
10/26/2024 17:06:19,Graduate student,Male,3,4,4,1,4,4,4,4,4,5,4,4,1,3.5
10/27/2024 0:41:18,Third year,Male,4,4,5,1,4,4,4,3,4,5,3,4,2,3.625
10/27/2024 0:45:51,Third year,Male,5,4,4,1,5,4,4,4,4,5,4,5,2,3.875
10/27/2024 0:47:01,Graduate student,Female,4,4,4,1,3,3,3,3,4,4,4,4,2,3.125
10/27/2024 0:47:22,Graduate student,Female,4,4,4,1,4,4,4,4,5,4,4,4,2,3.625
10/27/2024 0:47:39,Graduate student,Male,5,5,5,5,5,5,4,4,5,5,5,5,2,4.75
10/27/2024 0:47:58,Third year,Male,5,5,5,1,4,5,5,5,4,5,4,5,2,4.375
10/27/2024 0:49:36,Third year,Male,4,5,5,1,4,4,4,4,4,4,4,4,2,3.875
10/27/2024 0:49:56,Graduate student,Male,5,4,4,1,4,5,4,4,5,5,4,5,2,3.875
10/27/2024 0:50:23,Third year,Male,5,4,4,1,5,4,4,4,5,5,4,5,2,3.875
10/27/2024 0:50:50,Third year,Male,5,4,4,1,5,4,5,3,4,4,4,5,2,3.875
10/27/2024 0:51:10,Third year,Male,5,4,4,1,4,4,5,5,4,2,5,4,2,4
10/27/2024 0:51:32,Third year,Male,4,4,4,1,4,5,4,4,5,5,5,5,2,3.75
10/27/2024 0:51:51,Graduate student,Male,4,5,5,1,5,3,5,5,4,4,5,5,2,4.125
10/27/2024 0:52:08,Third year,Male,4,5,4,1,5,4,4,5,4,4,5,4,1,4
10/27/2024 0:53:53,Graduate student,Male,4,5,4,1,4,5,5,5,4,4,4,5,2,4.125
10/27/2024 0:54:47,Graduate student,Female,5,5,5,1,5,5,4,5,5,5,4,4,2,4.375
10/27/2024 0:56:04,Third year,Male,4,4,4,1,5,4,5,4,3,4,5,5,2,3.875
10/27/2024 0:56:25,Third year,Female,4,5,4,1,5,3,4,3,4,4,3,4,2,3.625
10/27/2024 0:56:43,Graduate student,Male,5,5,4,1,4,4,4,4,3,3,5,5,2,3.875
10/27/2024 0:57:55,Third year,Male,5,4,4,1,3,5,4,4,4,4,5,5,2,3.75
10/27/2024 1:00:46,Graduate student,Male,4,4,2,2,5,5,5,4,4,4,5,4,2,3.875
10/27/2024 1:01:12,Third year,Male,1,4,4,1,4,5,4,5,4,5,4,4,2,3.5
10/27/2024 1:01:30,Third year,Male,5,4,5,1,4,5,4,4,5,4,4,5,1,4
10/27/2024 1:01:49,Graduate student,Female,5,4,5,1,4,4,4,5,4,4,5,5,2,4
10/27/2024 1:02:11,Graduate student,Male,5,4,5,1,4,4,4,4,4,5,5,4,1,3.875
10/27/2024 1:02:31,Graduate student,Male,4,5,4,1,4,4,4,4,3,4,5,5,2,3.75
10/27/2024 1:02:59,Third year,Female,4,5,4,1,4,4,5,3,4,5,4,5,1,3.75
10/27/2024 1:03:27,Third year,Male,5,5,5,1,4,3,5,4,4,4,4,4,1,4
10/27/2024 11:04:35,Graduate student,Male,4,5,4,1,4,3,3,4,5,5,3,5,1,3.5
10/27/2024 11:04:55,Graduate student,Male,4,4,5,1,4,5,4,4,4,4,5,4,2,3.875
10/27/2024 11:05:15,Third year,Male,5,4,4,1,4,5,5,5,4,4,4,5,1,4.125
10/27/2024 11:05:43,Third year,Female,4,5,4,1,4,3,5,5,4,5,5,4,1,3.875
10/27/2024 11:06:05,Third year,Male,4,4,4,1,4,4,4,5,5,5,5,4,1,3.75
10/27/2024 11:06:26,Graduate student,Male,5,4,5,1,5,5,4,4,5,4,5,5,2,4.125
10/27/2024 11:06:45,Graduate student,Male,4,4,4,1,5,4,4,4,5,5,4,4,1,3.75
10/27/2024 11:07:02,Third year,Male,4,4,4,1,4,4,4,5,5,5,5,4,2,3.75
10/27/2024 11:07:22,Graduate student,Male,4,5,4,1,4,4,4,4,4,5,4,4,1,3.75
10/27/2024 11:07:55,Third year,Male,4,5,5,1,5,4,4,4,5,4,5,5,1,4
10/27/2024 11:08:36,Graduate student,Male,4,5,4,1,4,5,4,5,4,4,4,4,1,4
10/27/2024 11:08:53,Third year,Male,5,5,3,1,4,4,5,5,4,4,5,5,1,4
10/27/2024 11:09:15,Third year,Male,5,4,4,1,4,4,4,4,4,4,5,4,1,3.75
10/27/2024 11:09:32,Third year,Male,4,4,5,1,4,4,4,4,4,4,4,4,2,3.75
10/27/2024 11:09:50,Third year,Male,4,4,4,2,4,4,4,4,4,4,4,4,1,3.75
10/27/2024 11:10:11,Third year,Female,4,4,4,1,4,4,4,4,4,4,3,4,1,3.625
10/27/2024 11:10:30,Third year,Male,4,4,2,2,4,4,5,4,4,4,4,4,1,3.625
10/27/2024 11:10:57,Third year,Male,4,4,4,1,4,5,5,4,4,5,4,4,1,3.875
10/27/2024 11:11:19,Third year,Female,4,4,5,2,4,4,4,5,5,4,4,5,2,4
10/27/2024 11:11:41,Third year,Male,3,4,3,2,4,4,4,4,4,4,4,4,1,3.5
10/27/2024 11:11:58,Graduate student,Male,4,4,4,1,4,4,4,4,4,4,5,4,1,3.625
10/27/2024 11:12:17,Third year,Female,4,4,4,1,4,3,4,4,4,4,4,4,1,3.5
10/27/2024 11:12:34,Third year,Male,4,4,4,2,4,4,4,4,4,4,4,5,1,3.75
10/27/2024 11:12:50,Third year,Male,5,4,4,1,4,4,4,4,4,4,4,4,1,3.75
10/27/2024 11:13:11,Graduate student,Female,4,5,5,1,5,3,5,5,4,4,4,5,1,4.125
10/27/2024 11:13:33,Third year,Male,4,4,4,2,3,4,4,4,4,4,4,4,3,3.625
10/27/2024 11:13:56,Third year,Male,5,5,4,1,4,4,4,3,4,4,5,4,1,3.75
10/27/2024 11:14:28,Third year,Male,4,5,4,1,4,4,4,4,4,5,4,5,1,3.75
10/27/2024 11:14:47,Third year,Male,5,5,4,2,4,4,4,5,5,5,5,5,2,4.125
10/27/2024 11:15:12,Second year,Male,4,5,4,2,4,4,5,4,4,4,4,4,1,4
10/27/2024 11:15:34,Third year,Male,5,4,4,1,4,4,4,4,5,5,5,5,2,3.75
10/27/2024 11:16:08,Second year,Male,4,3,3,1,4,5,4,4,4,5,5,4,2,3.5
10/27/2024 11:16:24,Third year,Female,4,5,4,1,4,4,5,4,3,5,4,5,1,3.875
10/27/2024 11:16:43,Graduate student,Female,4,5,4,1,5,4,4,4,4,5,4,5,2,3.875
10/27/2024 11:17:03,Third year,Male,4,4,4,2,5,5,4,4,4,4,4,5,2,4
10/27/2024 11:17:23,Third year,Male,4,5,5,2,4,4,3,4,5,4,4,5,1,3.875
10/27/2024 11:17:41,Graduate student,Male,4,5,5,1,4,4,4,3,5,4,4,5,1,3.75
10/27/2024 11:18:00,Graduate student,Male,5,5,4,2,4,4,5,4,4,4,4,4,1,4.125
10/27/2024 11:18:18,Third year,Female,5,4,4,2,4,4,5,5,5,4,4,4,3,4.125
10/27/2024 11:18:38,Graduate student,Female,5,4,4,1,4,4,5,5,4,4,4,4,1,4
10/27/2024 11:18:57,Graduate student,Male,4,4,4,1,5,4,4,4,4,4,5,5,2,3.75
10/27/2024 11:19:15,Third year,Female,5,4,5,2,4,5,3,5,4,4,4,4,2,4.125
10/27/2024 11:19:32,Third year,Female,4,4,4,1,5,4,5,4,4,5,4,5,2,3.875
10/27/2024 11:19:52,Graduate student,Male,4,4,4,1,4,4,4,4,3,4,4,4,1,3.625
10/27/2024 11:20:11,Graduate student,Female,5,4,4,1,4,4,5,5,4,4,4,4,2,4
10/27/2024 11:21:12,Third year,Male,5,4,4,1,3,4,5,4,4,4,4,4,2,3.75
10/27/2024 11:21:31,Third year,Female,4,4,5,2,3,5,4,5,4,4,5,4,1,4
10/27/2024 11:21:50,Graduate student,Male,4,5,4,1,5,4,4,4,4,4,4,4,1,3.875
10/27/2024 11:22:09,Third year,Male,5,3,3,1,3,3,4,4,4,4,4,4,1,3.25
10/27/2024 11:22:30,Third year,Female,4,4,3,2,4,3,4,5,5,4,5,4,1,3.625
10/27/2024 11:22:51,Third year,Female,4,4,4,1,4,4,3,4,5,5,4,4,2,3.5
10/27/2024 11:23:12,Third year,Female,4,4,4,2,4,4,4,4,4,4,4,4,5,3.75
10/27/2024 11:23:33,Graduate student,Male,5,5,5,1,5,5,4,5,4,5,5,4,1,4.375
10/27/2024 11:23:51,Graduate student,Male,5,5,4,2,4,5,4,4,4,4,4,5,1,4.125
10/27/2024 11:24:12,Third year,Male,5,5,4,1,4,5,5,4,4,5,4,5,1,4.125
10/27/2024 11:24:35,Graduate student,Male,4,4,4,1,5,4,4,4,4,4,4,5,1,3.75
10/27/2024 11:24:59,Graduate student,Male,5,4,4,2,4,4,4,4,4,4,4,4,1,3.875
10/27/2024 11:25:18,Graduate student,Female,4,4,3,1,4,4,5,4,5,4,4,5,1,3.625
10/27/2024 11:25:36,Graduate student,Male,4,5,4,1,4,4,4,4,4,4,4,4,1,3.75
10/27/2024 11:25:55,Graduate student,Male,4,4,4,1,4,3,4,3,5,4,3,5,2,3.375
10/27/2024 11:26:17,Graduate student,Male,5,4,5,1,4,5,4,5,5,4,5,5,2,4.125
10/27/2024 11:26:38,Graduate student,Male,4,4,4,1,3,5,4,4,4,5,4,5,2,3.625
10/27/2024 11:26:58,Third year,Female,5,4,5,1,4,4,4,4,4,4,4,4,2,3.875
10/27/2024 11:27:16,Third year,Male,5,4,5,1,4,5,4,4,4,5,5,4,2,4
10/27/2024 11:27:33,Third year,Female,5,3,4,1,4,5,5,4,4,3,4,4,1,3.875
10/27/2024 11:27:55,Third year,Male,4,4,4,1,4,3,4,4,4,4,3,4,2,3.5
10/27/2024 11:28:14,Graduate student,Male,4,5,4,1,5,4,4,5,4,5,5,5,1,4
10/27/2024 11:28:36,Graduate student,Female,4,5,5,5,5,5,4,5,4,4,4,5,2,4.75
10/27/2024 11:28:55,Graduate student,Male,5,5,5,1,4,4,4,4,4,4,5,5,2,4
10/27/2024 11:29:16,Graduate student,Male,5,5,5,1,5,5,4,4,5,4,4,4,2,4.25
10/27/2024 11:29:32,Second year,Male,4,5,5,1,4,4,4,5,4,4,4,5,1,4
10/27/2024 11:29:50,First year,Female,5,5,4,1,4,4,4,3,4,3,4,4,2,3.75
10/27/2024 11:30:08,Second year,Female,4,4,5,1,5,5,5,5,4,4,4,4,1,4.25
10/27/2024 11:30:23,Third year,Male,5,5,3,1,4,5,5,4,4,4,4,4,1,4
10/27/2024 11:30:39,Third year,Female,4,4,3,1,4,4,4,3,4,4,4,5,2,3.375
10/27/2024 11:30:56,Graduate student,Male,5,4,4,1,5,3,5,4,4,5,5,5,2,3.875
10/27/2024 11:31:12,Third year,Female,3,5,4,1,4,5,4,4,4,5,5,4,2,3.75
10/27/2024 11:31:28,Third year,Male,4,4,4,1,5,3,4,5,4,5,5,5,2,3.75
10/27/2024 11:31:48,Third year,Male,4,3,1,1,4,4,4,4,4,5,4,4,2,3.125
10/27/2024 11:32:04,Third year,Male,5,4,4,1,4,4,4,4,4,5,4,5,1,3.75
10/27/2024 11:32:21,Graduate student,Male,4,5,5,1,4,5,4,2,4,5,4,5,2,3.75
10/27/2024 11:32:39,Third year,Male,4,4,5,1,4,5,5,5,4,5,5,5,1,4.125
10/27/2024 11:33:06,Third year,Female,5,5,4,1,4,4,4,5,5,5,3,4,1,4
10/27/2024 11:33:24,Graduate student,Male,4,4,5,1,4,4,5,5,5,4,5,5,2,4
10/27/2024 11:33:41,Graduate student,Male,5,4,5,1,5,5,4,4,5,5,4,4,2,4.125
10/27/2024 11:33:59,Third year,Male,5,5,5,1,5,4,4,5,4,4,5,5,1,4.25
10/27/2024 11:34:21,Third year,Male,5,5,4,1,5,5,4,4,4,4,4,5,1,4.125
10/27/2024 11:34:43,First year,Female,4,5,4,1,4,3,5,4,4,4,4,5,2,3.75
10/27/2024 11:35:06,Graduate student,Female,4,4,4,1,4,4,3,4,3,3,4,5,2,3.5
10/27/2024 11:35:27,Graduate student,Male,4,3,3,1,4,4,5,4,3,4,5,5,3,3.5
10/28/2024 16:39:52,First year,Female,5,1,5,1,4,3,4,4,3,3,2,4,2,3.375
10/28/2024 21:16:02,Third year,Male,4,4,5,2,4,4,4,4,4,4,4,4,2,3.875
10/28/2024 21:16:34,Third year,Male,4,5,4,2,4,4,4,4,4,4,4,5,1,3.875
10/28/2024 21:16:57,Third year,Female,4,4,4,1,4,4,4,4,4,4,3,4,1,3.625
10/28/2024 21:17:17,Third year,Male,5,4,4,2,4,4,4,4,4,4,4,5,1,3.875
10/28/2024 21:17:25,Third year,Male,4,5,5,2,4,4,4,4,4,4,4,5,1,4
10/28/2024 21:17:38,Graduate student,Male,5,4,4,2,5,4,4,5,4,3,4,4,2,4.125
10/28/2024 23:21:56,Third year,Male,4,5,4,2,4,4,4,4,4,4,4,5,1,3.875
10/28/2024 23:22:42,Third year,Male,5,4,5,1,4,4,4,4,5,4,4,5,1,3.875
10/30/2024 22:05:30,Third year,Male,4,4,4,2,4,4,4,4,3,4,5,4,2,3.75
10/30/2024 22:05:48,Graduate student,Male,4,4,4,1,4,4,4,4,4,4,4,4,2,3.625
10/30/2024 22:06:20,Third year,Male,4,4,5,2,4,4,4,4,5,4,4,4,2,3.875
10/30/2024 22:06:39,Third year,Male,4,4,4,2,4,3,4,3,4,4,4,4,2,3.5
10/30/2024 22:07:02,Third year,Male,4,5,4,2,3,5,5,5,3,5,5,4,1,4.125
10/30/2024 22:07:22,Third year,Male,4,4,4,2,4,4,5,4,5,4,4,4,1,3.875
10/30/2024 22:08:27,Third year,Female,4,4,5,2,4,4,5,5,4,5,5,5,1,4.125
10/30/2024 22:11:39,Graduate student,Male,4,5,4,1,4,3,4,4,4,4,4,4,1,3.625
10/30/2024 22:12:05,Graduate student,Male,5,5,3,2,5,4,5,5,5,4,4,4,2,4.25
10/30/2024 22:13:53,Graduate student,Male,4,4,5,2,4,4,4,4,4,4,4,4,2,3.875
10/30/2024 22:14:10,Graduate student,Female,4,4,4,2,4,5,4,5,5,4,4,5,2,4
10/30/2024 22:14:29,Third year,Female,1,3,1,4,4,3,1,3,5,1,4,4,5,2.5
10/30/2024 22:15:07,Third year,Female,5,5,5,1,4,2,2,2,3,3,2,4,3,3.25
10/30/2024 22:15:10,Third year,Male,4,4,4,2,4,4,4,4,4,4,5,4,2,3.75
10/30/2024 22:15:32,Third year,Male,5,4,4,1,5,4,4,4,4,4,4,4,2,3.875
10/30/2024 22:16:06,Second year,Male,4,4,4,1,4,4,4,4,4,4,4,4,1,3.625
10/30/2024 22:16:29,Third year,Male,4,5,4,2,4,4,4,4,4,5,5,4,1,3.875
10/30/2024 22:17:31,Third year,Male,4,5,5,2,4,4,4,5,4,4,4,5,1,4.125
10/30/2024 22:17:50,Graduate student,Male,5,4,4,2,3,4,4,4,4,4,4,4,2,3.75
10/30/2024 22:18:15,Third year,Male,5,4,4,2,5,4,4,3,4,4,4,4,4,3.875
10/30/2024 22:18:35,Second year,Female,5,4,5,5,4,5,4,4,5,5,4,4,2,4.5
10/30/2024 22:18:54,Graduate student,Female,4,4,4,2,5,5,5,5,5,4,4,5,2,4.25
10/30/2024 22:19:09,Third year,Female,4,4,4,1,5,4,5,4,5,4,4,5,2,3.875
10/30/2024 22:19:37,Graduate student,Male,4,4,4,1,5,4,5,4,4,5,4,4,2,3.875
10/30/2024 22:19:57,Third year,Male,4,4,5,2,4,5,5,4,4,5,5,5,1,4.125
10/30/2024 22:20:11,Third year,Female,4,4,4,2,3,3,3,3,3,3,3,2,4,3.25
10/30/2024 22:20:15,Graduate student,Male,5,4,5,4,4,4,4,5,4,4,4,4,1,4.375
10/30/2024 22:21:05,Third year,Male,4,4,4,1,4,4,3,3,4,4,4,4,2,3.375
10/30/2024 22:21:13,Third year,Female,2,2,2,1,2,2,2,2,2,3,4,2,4,1.875
10/30/2024 22:21:30,Graduate student,Male,4,4,4,2,4,5,4,4,4,4,4,4,2,3.875
10/30/2024 22:21:48,Third year,Female,1,1,1,4,1,2,3,2,2,1,2,2,4,1.875
10/30/2024 22:21:58,Third year,Male,4,4,4,2,4,4,5,4,4,3,5,5,2,3.875
10/30/2024 22:22:18,Graduate student,Male,5,5,4,2,4,4,4,4,4,4,4,4,1,4
10/30/2024 22:22:49,Third year,Male,4,5,4,2,4,4,4,4,4,4,4,4,1,3.875
10/30/2024 22:22:50,Third year,Female,4,4,4,2,5,5,4,5,4,5,5,4,1,4.125
10/30/2024 22:23:13,First year,Female,3,5,3,2,4,4,4,4,4,5,5,5,2,3.625
10/30/2024 22:23:24,Third year,Male,4,4,4,3,4,4,4,4,4,4,4,5,3,3.875
10/30/2024 22:23:53,Third year,Male,5,5,5,2,4,4,4,4,4,5,4,5,3,4.125
10/30/2024 22:24:20,Third year,Female,3,5,5,1,4,5,4,4,5,4,5,5,2,3.875
10/30/2024 22:24:37,Third year,Male,5,3,4,2,5,3,4,3,4,4,4,5,1,3.625
10/30/2024 22:24:55,Graduate student,Male,5,4,5,1,4,4,4,5,4,4,5,4,1,4
10/30/2024 22:25:15,Third year,Male,4,5,4,1,5,4,4,4,5,5,5,4,1,3.875
10/30/2024 22:26:05,Graduate student,Female,4,4,5,2,5,4,3,4,4,4,5,5,1,3.875
10/30/2024 22:26:22,Third year,Male,5,4,5,1,4,5,5,4,4,4,5,4,2,4.125
10/30/2024 22:27:23,Third year,Male,4,4,4,2,3,5,3,4,4,5,4,4,1,3.625
10/30/2024 22:27:42,Second year,Male,4,5,4,1,3,5,5,4,4,4,3,5,1,3.875
10/30/2024 22:27:59,Second year,Male,5,4,4,2,3,4,4,5,4,4,4,5,1,3.875
10/30/2024 22:28:22,Graduate student,Male,5,4,5,2,4,4,4,5,4,4,4,5,1,4.125
10/30/2024 22:28:46,Third year,Male,3,5,5,2,4,4,5,4,4,4,5,4,1,4
10/30/2024 22:29:13,Graduate student,Male,4,5,4,2,4,4,5,4,5,4,4,4,1,4
10/30/2024 22:29:50,Third year,Male,4,5,5,2,4,5,4,5,4,4,5,4,1,4.25
10/30/2024 22:30:10,Graduate student,Male,4,4,5,2,4,4,5,4,4,4,5,4,1,4
10/30/2024 22:35:01,Third year,Male,4,5,5,2,4,4,4,4,4,4,5,5,2,4
10/30/2024 22:35:13,Third year,Female,2,2,2,4,1,4,3,3,3,4,4,4,3,2.625
10/30/2024 22:35:28,Third year,Male,5,4,4,2,5,4,4,4,5,5,4,5,1,4
10/30/2024 22:35:47,Third year,Female,1,1,1,4,3,2,2,2,2,2,3,4,4,2
10/30/2024 22:35:50,Third year,Male,4,4,5,3,4,4,4,4,4,4,4,4,3,4
10/30/2024 22:35:52,Third year,Male,3,5,5,2,5,5,4,4,3,4,4,4,2,4.125
10/30/2024 22:36:11,Third year,Male,4,4,4,1,4,3,4,4,4,4,5,4,2,3.5
10/30/2024 22:36:23,Third year,Female,2,2,1,5,1,3,4,3,3,3,2,4,3,2.625
10/30/2024 22:36:42,Second year,Male,4,4,4,2,4,4,4,4,4,4,4,4,1,3.75
10/30/2024 22:37:14,Third year,Male,4,4,4,3,4,4,4,4,4,4,4,4,3,3.875
10/30/2024 22:37:31,Third year,Male,4,4,4,2,5,5,4,4,4,4,4,4,2,4
10/30/2024 22:38:05,Third year,Male,4,5,5,2,4,4,4,5,5,5,4,4,1,4.125
10/30/2024 22:38:15,Third year,Male,5,4,4,3,4,4,4,4,4,4,4,4,3,4
10/30/2024 22:39:09,Graduate student,Male,5,4,4,2,4,5,4,4,4,4,4,4,2,4
10/30/2024 22:39:35,Third year,Male,4,5,5,2,4,4,4,5,5,4,4,5,1,4.125
10/30/2024 22:39:56,Graduate student,Female,4,4,4,4,5,4,5,4,5,4,4,5,2,4.25
10/30/2024 22:40:46,Third year,Male,4,4,5,1,4,4,4,4,4,4,4,4,2,3.75
10/30/2024 22:41:11,Graduate student,Male,4,4,4,2,3,4,4,4,4,4,4,5,1,3.625
10/30/2024 22:41:26,Graduate student,Male,5,4,5,2,4,4,4,4,4,4,4,5,2,4
10/30/2024 22:42:30,Graduate student,Male,4,5,5,2,4,3,2,4,3,4,2,4,2,3.625
10/30/2024 22:43:09,Third year,Male,4,5,4,3,4,4,4,4,4,4,4,4,3,4
10/30/2024 22:44:32,Third year,Male,4,4,4,3,4,4,4,4,4,4,4,4,3,3.875
10/30/2024 22:45:00,Third year,Male,4,4,4,4,4,4,4,4,4,4,4,4,1,4
10/30/2024 22:45:28,Third year,Male,4,4,4,4,4,4,4,4,4,4,4,4,1,4
10/30/2024 22:45:55,Third year,Male,4,4,4,3,4,4,4,4,4,4,4,4,1,3.875
10/31/2024 0:54:24,Third year,Male,3,5,4,1,3,4,5,4,4,4,4,4,1,3.625
11/04/2024 21:11,Graduate student,Male,4,4,4,1,3,5,4,4,4,4,4,4,1,3.625
11/04/2024 21:59,Third year,Male,4,5,5,2,4,5,5,4,4,4,4,4,1,4.25
11/04/2024 21:59,Third year,Male,5,3,4,2,4,4,4,4,4,5,4,4,2,3.75
11/04/2024 22:00,Third year,Male,4,4,4,2,5,3,4,4,4,4,3,4,1,3.75
11/04/2024 22:00,Graduate student,Male,5,4,4,2,4,4,4,4,4,4,4,4,1,3.875
11/04/2024 22:00,Third year,Male,4,4,4,2,4,4,4,5,4,4,4,4,2,3.875
11/04/2024 22:01,Third year,Male,4,5,4,2,4,5,4,4,3,4,5,5,2,4
11/04/2024 22:01,Graduate student,Female,5,4,5,2,4,4,5,5,4,5,4,4,2,4.25
11/04/2024 22:01,Third year,Male,4,4,4,2,4,5,4,4,4,4,4,5,1,3.875
11/04/2024 22:02,Graduate student,Male,4,4,5,2,4,4,3,4,5,5,5,4,2,3.75
11/04/2024 22:02,Graduate student,Male,4,4,5,2,4,5,4,5,4,4,5,5,1,4.125
11/04/2024 22:03,Third year,Male,4,4,5,2,4,4,4,4,4,4,4,4,2,3.875
11/04/2024 22:03,Graduate student,Male,4,5,4,2,4,4,4,4,4,4,4,5,2,3.875
11/04/2024 22:05,Third year,Male,4,4,5,2,5,4,4,5,5,5,4,5,1,4.125
11/04/2024 22:05,Graduate student,Male,4,4,4,2,5,4,4,5,5,5,5,4,2,4
11/04/2024 22:06,Third year,Male,3,4,4,2,4,5,5,4,4,5,5,5,2,3.875
11/06/2024 18:04,Graduate student,Male,4,5,4,2,4,5,4,4,4,4,4,5,1,4
11/06/2024 18:04,Graduate student,Male,4,4,5,2,4,3,4,4,4,4,4,5,2,3.75
11/06/2024 18:05,Second year,Male,4,5,4,2,4,5,4,5,5,4,5,5,1,4.125
11/06/2024 18:05,Graduate student,Male,5,4,5,1,5,4,5,5,4,5,4,4,1,4.25
11/06/2024 18:05,Third year,Female,5,4,4,1,4,5,5,4,4,5,5,4,3,4
11/06/2024 18:06,Graduate student,Male,5,5,5,1,4,4,4,4,5,5,5,4,1,4
11/06/2024 18:06,Third year,Male,4,4,5,2,5,4,4,4,5,4,5,4,1,4
11/06/2024 18:07,Graduate student,Male,4,4,4,2,4,5,4,5,5,5,4,5,2,4
11/06/2024 18:07,Third year,Male,5,3,4,1,4,4,5,5,4,4,4,5,2,3.875
11/06/2024 18:08,Graduate student,Male,5,5,4,1,4,4,5,5,4,5,5,4,3,4.125
11/06/2024 18:08,Graduate student,Male,5,4,4,2,4,5,5,5,5,5,4,5,2,4.25
11/06/2024 18:08,Third year,Male,4,5,5,1,4,4,5,4,4,5,4,4,1,4
11/06/2024 18:09,Graduate student,Female,5,4,4,1,3,3,4,5,5,4,4,4,1,3.625
11/06/2024 18:09,Graduate student,Male,5,4,4,1,4,4,4,4,5,4,4,4,1,3.75
11/06/2024 18:09,Third year,Male,4,5,4,2,3,5,5,5,5,4,4,5,1,4.125
11/06/2024 18:10,Third year,Male,4,4,4,2,4,4,4,4,4,4,4,4,3,3.75
11/06/2024 18:10,Graduate student,Male,5,5,4,1,4,4,4,4,4,5,4,4,1,3.875
11/06/2024 18:12,Graduate student,Male,4,5,5,1,4,4,4,4,4,5,4,4,2,3.875
11/06/2024 18:12,Third year,Male,4,4,4,1,5,5,5,4,5,4,5,5,1,4
11/06/2024 18:47,Graduate student,Male,4,5,5,2,5,5,4,5,5,4,4,4,2,4.375
11/06/2024 18:48,Third year,Female,3,5,5,1,4,4,3,4,5,4,5,5,2,3.625
11/06/2024 18:48,Graduate student,Male,4,5,5,1,4,4,4,5,4,4,5,4,1,4
11/06/2024 18:49,Third year,Male,5,5,4,1,5,4,4,4,4,5,4,4,1,4
11/06/2024 18:49,Third year,Female,5,4,5,1,4,5,4,4,5,5,4,4,1,4
11/06/2024 18:49,Third year,Male,5,4,5,2,5,4,4,4,4,5,4,4,2,4.125
11/06/2024 18:50,Graduate student,Male,5,4,4,2,4,4,4,4,5,4,5,4,3,3.875
11/06/2024 18:50,Graduate student,Male,5,4,5,1,5,4,4,5,4,4,4,4,2,4.125
11/06/2024 18:50,Graduate student,Male,5,4,4,2,5,5,5,4,4,4,4,5,2,4.25
11/06/2024 18:51,Third year,Female,5,4,4,1,5,4,4,4,4,4,5,5,2,3.875
11/06/2024 18:51,Third year,Male,4,4,4,1,5,5,4,4,5,3,5,5,1,3.875
11/06/2024 18:52,Third year,Male,5,4,4,1,5,4,5,5,5,4,5,4,1,4.125
11/06/2024 18:52,Graduate student,Male,5,5,4,1,4,5,4,4,4,4,4,4,2,4
11/06/2024 18:52,Graduate student,Male,5,4,5,1,5,4,4,5,4,4,5,4,1,4.125
11/06/2024 18:53,Graduate student,Male,4,5,5,1,5,4,4,5,4,5,5,4,2,4.125
11/06/2024 18:53,Graduate student,Male,5,4,5,1,4,5,5,4,5,5,5,5,2,4.125
11/06/2024 18:53,Third year,Female,5,4,4,1,5,5,5,4,5,5,5,5,1,4.125
11/06/2024 18:54,Graduate student,Female,4,4,5,2,4,4,4,4,4,5,5,5,3,3.875
11/06/2024 18:54,Graduate student,Male,5,5,4,1,5,5,5,4,4,4,5,5,1,4.25
11/06/2024 18:59,Graduate student,Male,5,5,4,1,4,4,5,5,5,5,4,4,1,4.125
11/06/2024 18:59,Graduate student,Male,5,4,5,1,3,4,4,5,4,5,4,5,1,3.875
11/06/2024 19:00,Third year,Male,4,4,4,2,5,4,5,5,4,4,5,5,2,4.125
11/06/2024 19:00,Third year,Female,4,4,5,1,5,5,4,4,5,5,5,5,1,4
11/06/2024 19:01,Graduate student,Male,5,5,5,2,4,4,3,4,4,4,5,5,2,4
11/06/2024 19:01,Graduate student,Male,4,4,5,1,3,5,4,4,5,4,4,5,1,3.75
11/06/2024 19:01,Graduate student,Male,4,4,5,2,4,4,4,5,5,5,5,5,2,4
11/06/2024 19:02,Graduate student,Male,4,4,4,1,4,4,5,5,4,4,4,5,2,3.875
11/06/2024 19:02,Graduate student,Male,4,5,5,1,5,4,4,4,5,4,4,5,2,4
11/06/2024 19:03,Graduate student,Male,5,4,4,2,5,4,4,5,5,3,5,5,2,4.125
11/06/2024 19:03,Graduate student,Male,4,4,4,1,4,5,5,4,5,4,4,5,2,3.875
11/06/2024 19:03,Graduate student,Male,5,4,4,2,5,4,5,5,5,5,5,4,2,4.25
11/06/2024 19:04,Third year,Male,5,5,4,1,5,5,5,4,4,5,4,4,1,4.25
11/06/2024 19:04,Third year,Male,4,4,4,2,4,5,5,5,5,5,5,4,2,4.125
11/06/2024 19:04,Graduate student,Male,5,4,5,2,5,4,5,4,5,5,5,5,1,4.25
11/06/2024 19:05,Third year,Male,5,4,4,2,5,4,5,5,4,5,5,5,1,4.25
11/06/2024 19:05,Third year,Male,4,5,5,1,4,4,4,5,5,5,4,5,2,4
11/06/2024 19:05,Graduate student,Male,5,4,4,1,5,4,4,4,4,4,4,5,1,3.875
11/06/2024 19:07,Graduate student,Male,5,5,5,2,4,4,4,4,5,5,4,4,2,4.125
11/06/2024 19:08,Graduate student,Male,4,4,5,1,4,4,4,4,5,5,5,4,2,3.75
11/06/2024 19:08,Graduate student,Male,4,5,4,2,4,4,5,5,4,4,5,4,2,4.125
11/06/2024 19:09,Third year,Male,4,5,5,2,5,4,4,3,5,5,5,5,1,4
11/06/2024 19:09,Third year,Male,5,4,3,1,3,4,4,4,4,4,4,4,2,3.5
11/06/2024 19:10,Graduate student,Male,5,4,5,1,4,4,4,5,5,4,4,5,1,4
11/06/2024 19:10,Graduate student,Male,5,5,5,2,4,4,4,4,5,5,3,5,1,4.125
11/06/2024 19:10,Third year,Male,5,5,5,1,5,4,4,4,5,4,5,5,3,4.125
11/06/2024 19:11,Graduate student,Male,4,5,4,2,4,5,4,5,5,5,5,5,2,4.125
11/06/2024 19:12,Graduate student,Male,5,5,4,1,5,4,5,5,4,4,5,5,2,4.25
11/06/2024 19:14,Graduate student,Male,5,4,5,3,4,4,4,5,5,5,5,4,1,4.25
11/06/2024 19:15,Third year,Male,5,5,4,2,4,4,4,5,4,5,4,5,2,4.125
12/10/2024 23:20,Second year,Female,4,5,5,1,5,4,4,5,3,5,4,4,1,4.125
12/10/2024 23:21,Third year,Male,5,4,4,2,4,5,4,5,4,4,4,5,2,4.125
12/10/2024 23:21,Second year,Female,5,5,4,1,4,4,5,5,4,4,5,5,2,4.125
12/10/2024 23:21,Graduate student,Female,4,4,4,1,3,4,4,4,5,4,4,5,1,3.5
12/10/2024 23:22,Third year,Male,5,4,4,2,4,5,4,4,4,5,4,5,1,4
12/10/2024 23:22,Third year,Male,5,4,4,2,5,4,4,4,5,4,5,4,1,4
12/10/2024 23:22,Third year,Male,4,4,5,1,5,5,5,4,4,4,5,5,2,4.125
12/10/2024 23:23,Graduate student,Male,4,5,5,1,4,5,4,5,5,5,5,4,1,4.125
12/10/2024 23:24,Graduate student,Male,5,5,4,2,3,4,5,5,4,4,5,4,1,4.125
12/10/2024 23:24,Third year,Male,5,4,4,3,4,4,5,4,4,5,4,5,1,4.125
12/10/2024 23:24,Graduate student,Male,4,4,5,2,4,4,4,5,5,4,5,5,2,4
12/10/2024 23:25,Graduate student,Male,5,4,4,2,5,4,5,4,4,5,4,4,1,4.125
12/10/2024 23:25,Graduate student,Male,5,5,4,2,5,4,4,4,4,4,4,5,2,4.125
12/10/2024 23:25,Third year,Male,4,4,4,1,3,4,4,5,4,4,4,4,2,3.625
12/10/2024 23:26,Third year,Male,5,4,5,2,4,4,5,4,5,5,5,5,3,4.125
12/10/2024 23:26,Third year,Male,5,5,4,3,4,5,4,5,5,4,5,5,1,4.375
12/10/2024 23:27,Third year,Male,5,4,4,1,5,4,4,5,4,5,4,5,1,4
12/10/2024 23:27,Third year,Male,4,5,4,2,4,5,3,4,4,4,5,5,2,3.875
12/10/2024 23:27,Third year,Male,5,4,4,2,4,5,5,3,4,4,4,4,3,4
12/10/2024 23:28,Third year,Female,4,4,4,1,5,4,4,4,4,3,4,4,2,3.75
12/10/2024 23:28,Graduate student,Male,5,4,4,1,4,4,4,4,3,5,4,4,1,3.75
12/10/2024 23:28,Graduate student,Male,4,4,4,1,5,5,4,5,5,4,5,5,2,4
12/10/2024 23:29,Graduate student,Male,4,4,4,1,4,4,3,3,4,4,5,5,1,3.375
12/10/2024 23:29,Third year,Male,5,4,5,2,4,3,5,4,5,4,5,5,2,4
12/10/2024 23:29,Third year,Male,4,4,5,4,5,5,5,5,5,5,4,4,1,4.625
12/10/2024 23:30,Third year,Male,5,5,5,2,3,5,4,4,5,4,4,5,1,4.125
12/10/2024 23:30,Graduate student,Male,4,4,4,1,5,4,3,4,4,5,5,4,1,3.625
12/10/2024 23:31,Graduate student,Male,4,4,4,1,4,3,4,3,4,3,3,4,2,3.375
12/10/2024 23:31,Third year,Male,4,4,5,2,4,3,3,4,4,4,4,5,1,3.625
12/10/2024 23:32,Graduate student,Female,3,5,5,1,4,4,4,4,4,4,4,4,2,3.75
12/10/2024 23:32,Graduate student,Male,4,4,4,4,5,4,4,4,3,4,4,5,1,4.125
12/10/2024 23:33,Second year,Male,4,4,4,1,4,4,4,4,5,4,4,5,1,3.625
12/10/2024 23:35,Graduate student,Male,5,4,4,4,4,4,4,4,5,3,5,5,1,4.125
12/10/2024 23:36,Graduate student,Male,5,5,5,1,4,4,4,5,5,4,5,5,2,4.125
12/10/2024 23:37,Third year,Male,4,4,5,2,5,4,4,4,5,4,5,4,2,4
12/10/2024 23:37,Graduate student,Male,5,5,4,1,4,5,4,5,5,4,4,5,1,4.125
12/11/2024 22:32,Graduate student,Male,4,4,5,2,4,5,5,5,5,5,5,4,2,4.25
12/11/2024 22:32,Third year,Male,4,5,5,1,5,4,4,5,5,4,5,4,2,4.125
12/11/2024 22:33,Graduate student,Male,4,5,5,1,4,5,4,4,4,5,5,4,2,4
12/11/2024 22:33,Graduate student,Male,5,4,4,1,4,4,5,5,5,5,4,5,2,4
12/11/2024 22:33,Graduate student,Female,5,5,4,1,4,5,4,5,5,5,5,5,2,4.125
12/11/2024 22:34,Third year,Male,5,5,5,1,4,4,4,5,5,5,4,5,2,4.125
12/11/2024 22:34,Third year,Male,4,5,5,1,4,5,5,5,5,4,5,5,1,4.25
12/11/2024 22:34,Graduate student,Male,5,4,4,1,4,5,5,4,4,5,4,5,2,4
12/11/2024 22:35,Third year,Male,5,5,5,1,5,5,4,5,5,5,5,5,2,4.375
12/11/2024 22:35,Graduate student,Male,5,4,4,2,5,5,5,5,5,4,5,5,1,4.375
12/11/2024 22:35,Third year,Male,5,4,5,1,5,4,4,5,4,5,5,5,1,4.125
12/11/2024 22:35,Graduate student,Male,4,5,5,1,4,4,5,5,4,5,5,5,2,4.125
12/12/2024 00:01,Graduate student,Male,5,4,3,1,4,5,4,4,4,4,4,4,2,3.75
12/12/2024 00:02,Graduate student,Male,4,4,5,2,4,5,5,4,5,5,4,5,2,4.125
12/12/2024 00:02,Graduate student,Male,4,5,4,1,5,5,4,4,4,4,4,4,1,4
12/12/2024 00:02,Graduate student,Male,5,5,4,1,5,4,4,5,5,5,5,5,1,4.125
12/12/2024 00:03,Graduate student,Female,5,4,4,1,5,4,5,4,4,5,4,5,1,4
12/12/2024 00:03,Graduate student,Male,5,4,5,1,5,5,4,4,4,5,5,4,2,4.125
12/12/2024 00:03,Graduate student,Male,4,5,5,2,5,5,5,4,5,5,5,4,1,4.375
12/12/2024 00:04,Second year,Female,4,5,4,1,5,5,5,5,5,5,4,5,2,4.25
12/15/2024 5:43:39,Graduate student,Male,5,4,3,2,5,4,5,3,5,4,5,4,1,3.875
12/15/2024 5:43:55,Third year,Male,5,5,4,4,4,4,4,4,4,5,4,5,2,4.25
12/15/2024 5:44:04,Third year,Male,3,3,2,3,3,2,3,3,3,4,3,4,2,2.75
12/15/2024 5:44:10,Graduate student,Female,4,5,5,4,3,4,4,4,5,4,5,5,1,4.125
12/15/2024 5:44:25,Second year,Male,2,4,1,2,2,2,2,2,2,2,2,4,1,2.125
12/15/2024 5:44:26,Graduate student,Male,5,4,4,5,5,4,4,5,4,4,5,4,2,4.5
12/15/2024 5:44:49,Third year,Male,3,3,3,2,2,4,4,4,4,5,4,4,2,3.125
12/15/2024 5:44:50,Third year,Male,4,4,5,4,3,4,4,4,4,5,5,5,1,4
12/15/2024 5:45:07,Graduate student,Female,4,4,4,4,4,5,4,4,4,5,5,5,1,4.125
12/15/2024 5:45:18,Second year,Female,4,3,4,3,2,4,5,5,4,5,5,4,1,3.75
12/15/2024 5:45:24,Third year,Female,5,5,5,4,4,3,5,5,4,5,5,4,1,4.5
12/15/2024 5:45:41,Graduate student,Male,4,4,3,4,4,4,4,4,4,4,5,5,1,3.875
12/15/2024 5:45:42,Third year,Male,3,3,3,3,2,1,2,3,4,3,3,4,2,2.5
12/15/2024 5:45:58,Third year,Male,5,3,4,4,5,4,5,4,4,3,5,5,1,4.25
12/15/2024 5:46:03,Second year,Female,3,3,3,3,3,3,3,4,3,3,3,2,2,3.125
12/15/2024 5:46:14,Graduate student,Male,5,4,4,4,4,3,5,4,5,5,5,4,2,4.125
12/15/2024 5:46:25,Third year,Male,3,3,3,3,3,3,3,3,1,2,3,5,1,3
12/15/2024 5:46:31,Third year,Male,5,3,5,5,5,3,4,4,4,4,4,5,1,4.25
12/15/2024 5:46:49,Graduate student,Male,4,4,5,5,5,4,4,4,4,5,5,5,1,4.375
12/15/2024 5:46:51,Third year,Male,4,3,4,3,5,4,4,4,4,4,2,5,2,3.875
12/15/2024 5:47:06,Third year,Male,4,5,5,2,5,5,4,4,5,5,4,5,1,4.25
12/15/2024 5:47:11,Second year,Male,4,5,3,3,2,2,5,5,2,3,4,5,2,3.625
12/15/2024 5:47:27,Graduate student,Male,5,3,4,5,4,4,4,5,3,5,5,5,2,4.25
12/15/2024 5:47:35,Third year,Female,3,3,2,4,4,3,3,4,4,4,4,4,2,3.25
12/15/2024 5:47:44,Third year,Male,3,4,5,5,3,5,4,5,5,4,5,4,2,4.25
12/15/2024 5:47:57,Graduate student,Male,2,3,2,5,5,3,3,2,5,5,5,5,2,3.125
12/15/2024 5:47:58,Third year,Female,3,5,5,5,4,3,4,5,4,5,5,5,2,4.25
12/15/2024 5:48:15,Third year,Female,5,4,4,4,4,4,5,5,4,4,4,4,1,4.375
12/15/2024 5:48:16,Graduate student,Female,3,4,3,3,3,3,2,3,3,4,4,4,1,3
12/15/2024 5:48:31,Third year,Male,5,3,4,4,4,3,4,4,4,5,5,5,2,3.875
12/15/2024 5:48:42,Second year,Female,3,3,3,2,3,2,3,3,3,3,3,4,1,2.75
12/15/2024 5:48:48,Graduate student,Male,5,5,5,4,4,4,3,4,5,5,5,5,1,4.25
12/15/2024 5:49:04,Third year,Male,3,2,3,3,5,4,4,3,4,3,3,4,1,3.375
12/15/2024 5:49:06,Graduate student,Male,5,4,4,5,4,5,4,4,4,4,5,4,1,4.375
12/15/2024 5:49:21,Third year,Male,4,5,4,5,4,4,4,5,5,4,5,5,1,4.375
12/15/2024 5:49:32,Third year,Female,4,4,4,3,5,3,4,2,2,2,3,4,1,3.625
12/15/2024 5:49:38,Third year,Male,5,4,5,5,3,4,4,4,4,3,5,5,2,4.25
12/15/2024 5:49:59,Third year,Female,3,2,3,3,3,4,3,3,4,3,2,2,1,3
12/15/2024 5:50:16,Graduate student,Female,3,2,3,5,5,5,5,5,5,5,5,5,2,4.125
12/15/2024 5:50:36,Third year,Female,4,3,4,4,4,4,4,4,4,5,5,5,1,3.875
12/15/2024 5:50:59,Third year,Female,3,2,2,2,1,1,3,3,3,4,3,2,2,2.125
12/15/2024 5:51:24,Third year,Female,4,4,4,5,4,4,5,3,4,5,5,5,2,4.125
12/15/2024 5:51:27,First year,Male,3,3,2,4,4,3,4,4,3,3,3,5,1,3.375
12/15/2024 5:51:42,Graduate student,Male,5,5,5,5,3,5,5,4,4,4,5,5,2,4.625
12/15/2024 5:51:48,Graduate student,Female,4,3,4,3,3,3,4,3,2,4,2,4,4,3.375
12/15/2024 5:52:07,Third year,Female,4,4,3,5,3,3,3,3,2,3,3,5,1,3.5
12/15/2024 5:52:31,Graduate student,Male,2,4,3,1,3,3,3,2,3,3,2,1,1,2.625
12/15/2024 5:52:36,Graduate student,Male,4,4,5,5,5,5,5,5,4,5,4,5,1,4.75
12/15/2024 5:53:05,Third year,Female,3,3,4,4,3,3,4,3,3,2,2,2,2,3.375
12/15/2024 5:53:18,Third year,Male,5,4,4,4,4,3,4,4,5,5,5,5,1,4
12/15/2024 5:53:30,Third year,Male,3,2,2,4,3,3,3,3,4,2,4,5,1,2.875
12/15/2024 5:53:39,First year,Female,5,5,4,2,4,4,4,5,4,4,5,5,1,4.125
12/15/2024 5:53:57,Graduate student,Female,3,3,4,5,5,5,5,3,3,4,5,5,2,4.125
12/15/2024 5:54:05,First year,Female,5,4,4,2,5,3,4,5,5,4,4,5,2,4
12/15/2024 5:54:16,Graduate student,Female,2,3,3,3,3,3,3,3,3,4,3,5,2,2.875
12/15/2024 5:54:20,Third year,Male,4,4,5,5,5,5,5,5,4,5,5,5,1,4.75
12/15/2024 5:54:45,Third year,Male,3,2,2,2,4,3,2,3,3,4,3,2,1,2.625
12/15/2024 5:54:46,Graduate student,Female,5,4,4,5,4,4,5,4,4,5,4,5,3,4.375
12/15/2024 5:55:03,Graduate student,Female,5,5,5,5,4,5,4,5,5,5,5,5,2,4.75
12/15/2024 5:55:11,Second year,Female,3,4,3,3,3,2,3,4,4,4,5,5,1,3.125
12/15/2024 5:55:21,Third year,Male,4,3,4,4,4,3,4,5,5,5,5,5,2,3.875
12/15/2024 5:55:32,Second year,Male,3,3,2,1,1,3,2,3,2,3,1,4,1,2.25
12/15/2024 5:55:41,Graduate student,Female,4,4,4,5,5,5,5,4,4,4,5,5,1,4.5
12/15/2024 5:55:47,Third year,Male,3,3,1,2,3,3,2,3,3,3,3,2,4,2.5
12/15/2024 5:55:57,Graduate student,Male,4,5,4,5,5,5,5,4,5,4,5,5,1,4.625
12/15/2024 5:56:01,Second year,Female,3,4,2,2,1,1,4,3,2,2,3,4,3,2.5
12/15/2024 5:56:12,Graduate student,Male,5,4,4,5,5,5,4,5,5,5,5,5,3,4.625
12/15/2024 5:56:27,Second year,Male,1,3,2,4,5,1,3,3,3,1,2,2,2,2.75
12/15/2024 5:56:28,Second year,Female,4,4,1,1,1,1,1,1,1,1,1,1,4,1.75
12/15/2024 5:56:31,Second year,Female,5,5,5,5,3,5,5,5,4,5,5,5,2,4.75
12/15/2024 5:56:47,Second year,Female,3,2,1,1,3,2,2,2,5,1,3,5,2,2
12/15/2024 5:56:49,Third year,Female,5,4,3,5,2,5,5,5,4,5,5,5,1,4.25
12/15/2024 5:56:50,Second year,Male,5,4,4,5,5,5,4,4,5,2,1,4,3,4.5
12/15/2024 5:57:08,Graduate student,Female,3,4,5,5,3,3,3,5,4,5,4,5,1,3.875
12/15/2024 5:57:09,Graduate student,Female,1,1,4,4,3,1,1,2,3,3,3,2,4,2.125
12/15/2024 5:57:17,First year,Female,3,1,1,2,1,2,5,3,1,3,3,4,3,2.25
12/15/2024 5:57:26,Graduate student,Female,4,4,4,4,4,4,4,5,5,5,3,5,2,4.125
12/15/2024 5:57:30,Graduate student,Female,3,5,3,3,3,2,4,3,3,5,4,4,3,3.25
12/15/2024 5:57:42,Third year,Female,5,4,5,5,5,4,4,4,5,4,5,4,2,4.5
12/15/2024 5:57:46,Second year,Female,3,1,2,2,2,2,2,3,1,2,1,2,3,2.125
12/15/2024 5:57:49,Third year,Female,3,2,1,2,2,1,1,3,2,3,3,5,2,1.875
12/15/2024 5:57:59,Third year,Male,4,4,4,4,4,4,4,4,3,5,5,5,1,4
12/15/2024 5:58:08,Third year,Female,4,2,1,2,1,2,3,2,3,3,4,2,3,2.125
12/15/2024 5:58:14,Third year,Male,4,4,4,4,4,4,5,5,5,4,5,5,3,4.25
12/15/2024 5:58:24,Third year,Male,3,3,2,3,2,3,2,1,2,2,4,5,1,2.375
12/15/2024 5:58:36,Third year,Female,4,5,4,4,4,4,5,5,4,5,5,4,1,4.375
12/15/2024 5:58:44,Second year,Female,4,5,3,2,2,1,2,1,3,2,3,4,3,2.5
12/15/2024 5:59:00,Third year,Male,4,5,5,5,5,5,4,5,5,4,5,5,1,4.75
12/15/2024 5:59:07,Third year,Male,4,5,3,2,1,1,1,2,1,4,4,5,1,2.375
12/15/2024 5:59:18,Graduate student,Male,4,4,4,4,4,4,5,5,4,5,5,5,3,4.25
12/15/2024 5:59:25,Third year,Female,3,3,2,2,1,1,3,2,3,2,2,4,3,2.125
12/15/2024 5:59:41,Third year,Female,4,4,2,4,3,2,3,3,2,2,1,1,5,3.125
12/15/2024 5:59:44,Third year,Male,3,4,4,4,4,5,5,4,4,4,4,5,2,4.125
12/15/2024 6:00:01,Graduate student,Male,5,4,4,4,4,4,4,4,5,5,4,5,2,4.125
12/15/2024 6:00:06,Second year,Female,4,2,2,1,3,1,2,2,2,4,3,4,4,2.125
12/15/2024 6:00:17,Graduate student,Female,4,3,5,4,4,4,3,3,5,4,5,5,1,3.75
12/15/2024 6:00:21,Third year,Male,2,5,4,5,4,3,3,2,1,2,3,5,2,3.5
12/15/2024 6:00:34,Third year,Male,5,4,4,5,5,5,5,4,5,5,4,4,1,4.625
12/15/2024 6:00:48,Second year,Male,2,3,1,4,3,3,2,3,2,3,3,2,3,2.625
12/15/2024 6:00:56,Graduate student,Male,5,4,5,5,3,4,5,5,5,4,5,5,1,4.5
12/15/2024 6:01:10,Third year,Female,3,2,1,1,1,2,1,3,3,2,2,4,3,1.75
12/15/2024 6:01:11,Third year,Female,5,4,5,5,4,5,4,4,5,5,4,5,2,4.5
12/15/2024 6:01:27,Third year,Male,4,4,5,4,5,4,4,4,5,4,4,4,3,4.25
12/15/2024 6:01:28,Graduate student,Female,3,2,2,3,3,3,2,4,4,2,3,4,4,2.75
12/15/2024 6:01:29,First year,Male,3,1,2,4,4,1,1,1,1,2,5,4,1,2.125
12/15/2024 6:01:49,Graduate student,Female,2,3,1,2,3,2,2,1,1,2,3,5,4,2
12/15/2024 6:01:53,First year,Male,2,3,3,5,1,1,2,5,1,1,3,4,5,2.75
12/15/2024 6:01:55,Third year,Female,3,1,5,4,5,5,5,4,4,4,4,5,2,4
12/15/2024 6:02:13,Graduate student,Female,4,5,3,1,1,1,2,3,1,3,2,5,1,2.5
12/15/2024 6:02:14,Graduate student,Male,5,5,5,5,4,4,4,5,4,4,5,5,1,4.625
12/15/2024 6:02:29,Graduate student,Female,2,1,1,2,1,1,2,1,1,2,2,1,5,1.375
12/15/2024 6:02:30,Third year,Male,4,5,4,5,5,4,4,4,4,4,4,4,1,4.375
12/15/2024 6:02:47,Graduate student,Female,1,2,3,5,4,3,3,2,2,1,1,4,1,2.875
12/15/2024 6:02:47,Graduate student,Male,4,5,4,5,5,4,5,4,4,5,4,5,1,4.5
12/15/2024 6:03:07,Graduate student,Female,3,2,3,3,3,4,2,3,3,3,2,5,1,2.875
12/15/2024 6:03:11,Third year,Male,4,5,4,3,4,5,4,3,5,4,5,4,2,4
12/15/2024 6:03:23,Third year,Female,4,4,3,4,4,3,2,4,2,2,3,4,4,3.5
12/15/2024 6:03:31,Second year,Male,2,5,5,4,5,4,5,4,5,4,4,5,2,4.25
12/15/2024 6:03:40,Second year,Female,4,4,3,4,2,1,3,2,2,3,3,2,1,2.875
12/15/2024 6:03:43,Second year,Male,3,3,3,4,2,2,4,5,5,4,3,2,5,3.25
12/15/2024 6:03:47,Graduate student,Female,3,5,5,5,3,4,4,4,3,4,4,4,1,4.125
12/15/2024 6:04:04,Graduate student,Male,5,4,4,5,4,4,4,5,5,4,5,5,1,4.375
12/15/2024 6:04:15,Second year,Male,1,2,1,2,1,1,1,2,2,1,4,5,4,1.375
12/15/2024 6:04:16,Graduate student,Female,4,2,2,2,3,1,1,1,1,2,2,1,4,2
12/15/2024 6:04:23,Graduate student,Male,5,5,5,5,5,5,5,4,5,4,5,5,2,4.875
12/15/2024 6:04:40,Second year,Female,4,2,1,1,2,1,3,1,2,3,2,4,2,1.875
12/15/2024 6:04:49,Graduate student,Male,4,5,5,5,4,5,5,4,4,3,5,5,3,4.625
12/15/2024 6:04:57,Third year,Female,3,2,2,2,2,1,2,2,3,2,3,2,5,2
12/15/2024 6:05:27,Second year,Female,2,2,2,1,3,1,1,2,1,2,4,5,3,1.75
12/15/2024 6:05:29,Third year,Female,4,4,2,4,5,5,5,5,4,4,5,5,1,4.25
12/15/2024 6:05:47,Third year,Female,5,5,5,5,3,4,4,5,5,4,5,5,2,4.5
12/15/2024 6:05:48,Second year,Female,3,5,4,3,1,1,2,2,2,4,5,2,3,2.625
12/15/2024 6:06:05,Third year,Female,5,5,4,5,4,4,4,3,4,5,5,5,2,4.25
12/15/2024 6:06:05,Third year,Female,2,3,3,3,2,3,2,1,3,4,4,5,1,2.375
12/15/2024 6:06:21,Second year,Male,5,4,3,3,5,5,5,4,4,5,5,5,1,4.25
12/15/2024 6:06:26,Second year,Male,4,3,2,1,1,2,3,3,2,1,3,2,1,2.375
12/15/2024 6:06:36,Third year,Male,5,4,4,5,4,3,4,5,5,4,5,5,2,4.25
12/15/2024 6:06:45,Third year,Female,4,4,3,3,2,3,4,2,4,2,3,5,1,3.125
12/15/2024 6:06:53,Third year,Female,5,4,4,4,4,5,4,4,4,4,4,4,1,4.25
12/15/2024 6:07:07,Second year,Female,3,3,4,3,3,2,3,3,4,2,3,4,3,3
12/15/2024 6:07:12,Graduate student,Female,4,4,5,5,4,3,4,4,5,4,4,5,1,4.125
12/15/2024 6:07:26,Second year,Female,4,3,2,4,3,3,3,3,3,3,3,4,3,3.125
12/15/2024 6:07:30,Third year,Female,5,5,4,5,3,4,4,5,4,5,4,4,2,4.375
12/15/2024 6:07:48,Second year,Male,4,2,1,1,2,2,2,1,1,2,3,5,1,1.875
12/15/2024 6:08:02,Graduate student,Female,4,5,5,5,4,5,3,5,5,5,4,5,3,4.5
12/15/2024 6:08:09,Graduate student,Female,2,3,3,3,2,2,3,4,4,1,2,2,4,2.75
12/15/2024 6:08:30,Third year,Female,1,5,3,3,2,2,2,1,1,4,2,4,3,2.375
12/15/2024 6:08:31,Third year,Male,3,1,1,3,1,2,4,4,3,2,5,5,5,2.375
12/15/2024 11:49:05,Third year,Female,4,5,4,4,2,3,5,4,3,3,5,5,4,3.875
